,Image_ID,text,Creativity_expert,Useful_expert,Unique_expert,Drawing_expert,Elegence_expert,Creativity_expert_round,Useful_expert_round,Unique_expert_round,Drawing_expert_round,Elegence_expert_round
0,Page-0,"Countertop mounted, electronically powered  jet turbine",4,3.5,4,5,2.5,4,4,4,5,3
1,Page-1,Countertop jet turbine ,4,3.5,4.5,5.5,2.5,4,4,5,6,3
2,Page-2,A crank with small holes that is moved back and forth by hand quickly,4,4,2.5,2,3.5,4,4,3,2,4
3,Page-3,Blender with very small holes in the instruments,2,5,1,1.5,3,2,5,1,2,3
4,Page-4,A micro bubble injector puts are into the milk ,2,2.5,2,1.5,2.5,2,3,2,2,3
5,Page-5,Normal milk is pumped through screens very quickly and vigorously electrically (by electric pump),3,4,1.5,2,2,3,4,2,2,2
6,Page-6,Milk pushed by hand down through screens,3,3,1.5,2.5,3.5,3,3,2,3,4
7,Page-7,By hand push down screen with very fine holes through milk,3,4,1.5,4,3.5,3,4,2,4,4
8,Page-8,Shakes milk by rapidly moving it up and down,4,4.5,2,1.5,2.5,4,5,2,2,3
9,Page-9,"Milk is filled halfway into jar , the device is truned on and the jar is shaken rapidly. Milk is frothed by being shaken through mesh disk and blending balls",5.5,5,4,4.5,3.5,6,5,4,5,4
10,Page-10,Place cup in prongs and shaken,4,4,3,3,2.5,4,4,3,3,3
11,Page-11,Vibrates cup vigorously ,2.5,2,3.5,3.5,4,3,2,4,4,4
12,Page-12,whips frothed milk in bulk,2.5,3,4,3,2.5,3,3,4,3,3
13,Page-13,whip milk in a large amount,3,2.5,3,3.5,1.5,3,3,3,4,2
14,Page-14,vigorously whip milk in blender,2,2.5,1,4.5,3,2,3,1,5,3
15,Page-15,"milk enters tube, it goes through speeding motion and becomes frothed",3,1,3.5,2.5,2,3,1,4,3,2
16,Page-16,goes through pegs,3,2,5,4,2.5,3,2,5,4,3
17,Page-17,shake the container easier with thumb tabs to create froth milk,3.5,4.5,2,2.5,4,4,5,2,3,4
18,Page-18,tubes heat and vibrate giving frothed milk 2x faster,3,2.5,3,2.5,2.5,3,3,3,3,3
19,Page-19,"pump up and down, spin",3.5,5,2,4,4.5,4,5,2,4,5
20,Page-20,pour milk into top and it's frothed inside which then comes back out the spout,2.5,2,2.5,5,3,3,2,3,5,3
21,Page-21,use the idea of a mixer but only one beater,2,2,1.5,4.5,4,2,2,2,5,4
22,Page-22,use the idea of a blender,2.5,3.5,2,4.5,3,3,4,2,5,3
23,Page-23,"warm up a plastic bottle in the microwave, remove and pour milk inside, shake until frothed",2.5,4.5,1.5,3.5,4,3,5,2,4,4
24,Page-24,"a cheap way to froth milk would be using the raw motor than an electric tooth brush as components it to an object that has a special batting utensil in order to create the froth milk. The product will be light ,small and cheap and you  will be able to take it anywhere.",2,6,1,1.5,4.5,2,6,1,2,5
25,Page-25,manual milk froth machine,3.5,3.5,2.5,2,3,4,4,3,2,3
26,Page-26,you pour the milk in a container. It has an integrated bath so you turn the switch on so it starts frothing the milk and redo it is done. Just squeeze the bottom so it pours out of the outer tube ,2.5,2.5,2.5,2.5,1.5,3,3,3,3,2
27,Page-27,coffee mug with integrated batting motor. Turn switch on after pouring the milk and then you turn it off and pour your coffee and you are done,3,3,2,3.5,4,3,3,2,4,4
28,Page-28,Shake wave that froth milk. You exercise and make froth milk so that you can get your morning workout and enjoy a cup of coffee.,4.5,4,3,3,3,5,4,3,3,3
29,Page-29,mini whisk/blender,2.5,2.5,3.5,5,1.5,3,3,4,5,2
30,Page-30,whisk with very tightly packed strands,2.5,4,1.5,5.5,3.5,3,4,2,6,4
31,Page-31,shaker cup with mixing ball,5,5.5,2.5,4.5,3.5,5,6,3,5,4
32,Page-32,Hand crank,3,2,3,4,1.5,3,2,3,4,2
33,Page-33,shoots air into milk creating movement,2,1.5,1.5,3,4,2,2,2,3,4
34,Page-34,milk is spun at high speed,2.5,1.5,2,3,2,3,2,2,3,2
35,Page-35,roll container of milk down stairs,3,2,4.5,2.5,1,3,2,5,3,1
36,Page-36,piston moves milk up and down,2.5,3,2.5,2.5,2,3,3,3,3,2
37,Page-37,blado blade moves milk,2.5,2,1,3,3,3,2,1,3,3
38,Page-38,bike turns wheel which rotates container of milk,3.5,2,3.5,3,1.5,4,2,4,3,2
39,Page-39,shake weight with milk in it,4.5,4,3,3,2.5,5,4,3,3,3
40,Page-40,pressurized air is blasted into milk,2,2,2,2.5,4,2,2,2,3,4
41,Page-41,liquid is mixed from top and bottom,3,4,2,2.5,3,3,4,2,3,3
42,Page-42,container vigorously oscilates between top and bottom,3.5,4,2,3,2,4,4,2,3,2
43,Page-43,pores inject gas below as mixers mix liquid,4.5,3,4,4.5,1.5,5,3,4,5,2
44,Page-44,user hand shakes liquid,4.5,4.5,3.5,3,3,5,5,4,3,3
45,Page-45,contour is shot to over 100m and falls back while rotating,2.5,1,5,3.5,1,3,1,5,4,1
46,Page-46,beater paddle has pores that inject gas as its spins,5,4,5,4,3.5,5,4,5,4,4
47,Page-47,flexible rubber blades whip liquid against wall of chamber,3.5,5,3,2.5,3.5,4,5,3,3,4
48,Page-48,rodeo technique,3,2,6,3.5,1,3,2,6,4,1
49,Page-49,metal blade oscilates between ends by electric/magnetic conduction,4,3.5,5,4,4.5,4,4,5,4,5
50,Page-50,multiple axes of rotation,3.5,5,1.5,4,5,4,5,2,4,5
51,Page-52,this is a high-speed larger mixer to froth large quantity of milk in a short period of time.,3,2.5,1.5,3.5,2,3,3,2,4,2
52,Page-53,put containers of milk securely onto fan and turn on fan to froth the milk,2,1,5,1.5,1.5,2,1,5,2,2
53,Page-54,someone pedaling bike using energy to churn milk,3,1.5,5,2.5,1,3,2,5,3,1
54,Page-55,funny pack with container of milk -> dancing to froth milk,1.5,1.5,4,2.5,1.5,2,2,4,3,2
55,Page-56,rolling tire downhill filled with frothed milk,2.5,2,4,2.5,1.5,3,2,4,3,2
56,Page-57,fill basketball with frothed milk and dribble,2,2,4,3.5,2,2,2,4,4,2
57,Page-58,,1,1,3,4.5,1,1,1,3,5,1
58,Page-59,cattle powered milk frother,1.5,3,5.5,5,1,2,3,6,5,1
59,Page-60,bowling ball with internal compartment to froth milk,3,2,5,3.5,2,3,2,5,4,2
60,Page-61,bottle rocket milk frother,1.5,1,5,4.5,1,2,1,5,5,1
61,Page-62,bicycle milk frother,3.5,2,4.5,4,1,4,2,5,4,1
62,Page-63,shoe frother,2.5,2,6,4,1.5,3,2,6,4,2
63,Page-64,toaster,1,1,5,2.5,1,1,1,5,3,1
64,Page-65,pogo stick frother,4,3,5.5,4,1.5,4,3,6,4,2
65,Page-66,hammer milk,2.5,2,6,3.5,1.5,3,2,6,4,2
66,Page-67,itÃ¢ÂÂs a modification on a hand held mixture where one fan with many blades would be inserted into the milk and spun very quickly to create to perfect frothy consistency.,4,5.5,2.5,5.5,3.5,4,6,3,6,4
67,Page-68,this device would put a lid on the milk container and shake it vigorously by means of a robotic arm. It would move in all direction and have a small fan on bottom of cup to help.,4,4,3,5,2.5,4,4,3,5,3
68,Page-69,this design has tubes out the bottom that blow air into the milk while the propeller in the middle of the cup rotates to create the frothy texture.,3,4,3,5,2,3,4,3,5,2
69,Page-70,this device is a cup with blades on the bottom that rotate. The difference is that this cup is placed in a ball which can be thrown around between people to froth it more,4,3.5,4,5.5,3,4,4,4,6,3
70,Page-71,the tube shoots air into the milk in a sealed cup to with a few holes so the pressure doesnÃ¢ÂÂt ruin it. This creates frothy bubbles similar to when a child blows air through a straw.,2.5,3,2.5,5,2.5,3,3,3,5,3
71,Page-72,"this has two cups. The first one is where the milk goes, then the milk flows through the tubes through a series of propellers into a new cup at the end.",3.5,2,4,4.5,1.5,4,2,4,5,2
72,Page-73,milk filtered through a device used in fish tanks to aerate water,3.5,2.5,4.5,1.5,1.5,4,3,5,2,2
73,Page-74,centrifuge of milk,2,1.5,4,3.5,1.5,2,2,4,4,2
74,Page-75,milk fountain similar to chocolate fountain,4,3,5.5,5,4,4,3,6,5,4
75,Page-76,milk ferris wheel,4,2.5,5.5,4,3,4,3,6,4,3
76,Page-77,wave machine,5,3,5.5,4,3.5,5,3,6,4,4
77,Page-78,milk stream,3,2,6,3.5,2,3,2,6,4,2
78,Page-79,the product vibrates very fast and gets hot,2.5,2.5,1.5,2.5,3.5,3,3,2,3,4
79,Page-80,place cup of milk in container that gets very hot. Bottom moves up and down vigorously,4,3,3,2,2.5,4,3,3,2,3
80,Page-81,spins and heats the milk,2.5,3.5,2,4,2.5,3,4,2,4,3
81,Page-82,white platform spins nozzle injects hot steam,3.5,4,1.5,2,2,4,4,2,2,2
82,Page-83,drink and froth are prepared at same time first coffe is poured then froth drops straight through,5,5,4.5,4.5,3,5,5,5,5,3
83,Page-84,blender add on,5,6,4.5,4.5,3.5,5,6,5,5,4
84,Page-85,handheld frother,2,6,1.5,5,4.5,2,6,2,5,5
85,Page-86,drill powered,5.5,6,5,5.5,2.5,6,6,5,6,3
86,Page-87,this machines takes a can of milk and rotates it at high speed. It alternates direction to help speed process.,2.5,3.5,2.5,2.5,1.5,3,4,3,3,2
87,Page-88,this device is similar to a blender but instead of having blades it has 3 small whisks ,3.5,5,4,4.5,3.5,4,5,4,5,4
88,Page-89,"This idea spins a whisk at high speeds, as the user brings a canister of milk under it, allowing the whisk to rotate with milk",2,5,2.5,5,3.5,2,5,3,5,4
89,Page-90,pneumatic injection,3.5,3,3.5,3,2,4,3,4,3,2
90,Page-91,pneumatic fan distribution,5,5.5,4.5,4,3.5,5,6,5,4,4
91,Page-92,pneumatic rod distribution,2.5,4,3,4,2,3,4,3,4,2
92,Page-93,a mixer powered by a hamster,2.5,1.5,5,2.5,1,3,2,5,3,1
93,Page-94,the milk spins on the wheel as fast as you run,3.5,2.5,5,2,1,4,3,5,2,1
94,Page-95,an attachment for a drill to spin milk vigorously,3.5,2,3.5,2,1.5,4,2,4,2,2
95,Page-96,the milk frothing shake weight,4,4.5,3,2,3.5,4,5,3,2,4
96,Page-97,coffe grinder milk frother attachment,2,2.5,3.5,3,2.5,2,3,4,3,3
97,Page-98,handle with button; button triggers motor to move shaft up and down,4,6,2,4.5,5,4,6,2,5,5
98,Page-99,pump air at high temperature through tube into sponge like object to maximize amount of bubbles made,3.5,4,3.5,3,2.5,4,4,4,3,3
99,Page-100,press button to turn motor on; motor turns fan at high rate,3,4,1.5,4,4.5,3,4,2,4,5
100,Page-101,pour milk into cup. Motor moves sharft vertically to move rings through milk at high rate. Remove cup,4.5,4.5,4,3.5,3.5,5,5,4,4,4
101,Page-102,cup with vibrating shafts,2.5,1.5,3,3,3,3,2,3,3,3
102,Page-103,hair dryer: submerge in milk and turn on,2.5,1,5.5,3,1.5,3,1,6,3,2
103,Page-105,dissolvable solids,5,3,4.5,3.5,5.5,5,3,5,4,6
104,Page-106,fan that spins in liquid to produce air,3,3.5,1.5,3.5,3.5,3,4,2,4,4
105,Page-107,machine shakes container of milk vigorously,4,4.5,2,3,3.5,4,5,2,3,4
106,Page-108,air bubble shooter,2,2,3.5,4,4,2,2,4,4,4
107,Page-109,seesaw that rocks back & forth extremely quickly,2.5,2.5,3,3.5,2,3,3,3,4,2
108,Page-110,wheel that spins with milk in it,2.5,2.5,4,3,2,3,3,4,3,2
109,Page-111,foot pedal that moves mixer in milk,3,2.5,4.5,2.5,1.5,3,3,5,3,2
110,Page-112,smaller version of mixer - made to fit in a cup to directly froth milk,2.5,4,1,5.5,5,3,4,1,6,5
111,Page-113,milk is poured into rigid funnel to make bubbles and froth,2,1.5,4,4.5,3.5,2,2,4,5,4
112,Page-114,pour milk into container with ball. Shake to create froth,3.5,5.5,2,3.5,5,4,6,2,4,5
113,Page-115,milk falls over serveral electric mixers for lots of froth,3.5,3.5,3.5,4.5,3,4,4,4,5,3
114,Page-116,person pours milk into ball then has catch with friend to shake/froth mlik,3,2,4.5,3.5,2,3,2,5,4,2
115,Page-117,"add milk, shake vigorously",4,4,1.5,2.5,4.5,4,4,2,3,5
116,Page-118,"add milk to cup, insert into machine and start. Machine vigorously shakes cup similar to a paint shaker",4,5,4,2.5,2.5,4,5,4,3,3
117,Page-119,after adding milk and starting the robotic arm shakes the milk vigorously while the air pump injects air bubbles into the milk,4,3.5,4,1.5,2,4,4,4,2,2
118,Page-120,add milk into the input. This is then transferred into the tank where it is pressurized by the compressor and monitored by the cpu. The compressed liquid is then forced through a high pressure nozzle where it becomes more aerated and disperses into the cup.,3,4,4,4.5,4,3,4,4,5,4
119,Page-121,bicycle pump that attaches to gallon of milk,3,1.5,4,4,2,3,2,4,4,2
120,Page-122,shake weight with resevoir for milk that mixes in oxygen as you shake,4.5,4.5,3,3.5,3.5,5,5,3,4,4
121,Page-123,"water gun shooting milk, but injects compressed O2 instead of CO2 like a real gun",2.5,2.5,5.5,4,1.5,3,3,6,4,2
122,Page-124,"replication of the whipped cream makers, but with milk",4,3.5,5,3,5.5,4,4,5,3,6
123,Page-125,attached bike pump to cow. Cow now produces frothed milk,1,1,5,3,1,1,1,5,3,1
124,Page-126,"squirrels linear motion translated into rotational, used to power hydrolysis mahcine which pumps o2 into the vat of",2,1.5,6,6,1,2,2,6,6,1
125,Page-127,mlik vat is attatched to bungees at top and bottom of factory as well as a tube pumpy compressed,2.5,3,5.5,4,1.5,3,3,6,4,2
126,Page-128,"There is a piston that pushes down on a massive bike pump which forces air into milk, the same",2.5,2,4,4.5,1.5,3,2,4,5,2
127,Page-129,"make it marketable as a game for kids where they get a shake score the morre they shake it. A screen will allow air in but not out (within the air tight container). Kids can compare their scores while parents enjoy the milk. Kind of like bop-it (twist it,  pull it, shake it, bop-it)",2.5,2.5,4.5,6,2,3,3,5,6,2
128,Page-130,take the cows sky diving to induce vigorous motion,1,1,6,5.5,1,1,1,6,6,1
129,Page-131,"the motor that goes inside the milk has small holes that blows over small air bubbles throughout the milk, making frothed milk.",3,2.5,3,5,4,3,3,3,5,4
130,Page-132,a machine has sticks that makes air bubbles at the bottom and vibrates so the bubbles spreads over,2,1.5,3,4.5,3,2,2,3,5,3
131,Page-133,cylinder with a rotating and groved center,4,3,3.5,5.5,3,4,3,4,6,3
132,Page-134,3 cylinders on a rotating ball joint,2,1.5,4,3,2,2,2,4,3,2
133,Page-135,shaken vertically.,3.5,4.5,2.5,4,3,4,5,3,4,3
134,Page-136,the main cylinder spins very fast creating the vigorous motion then as it is spinning the fan sucks in to produce the small air bubbles and then you turn it off and pour.,4,3,3,3.5,3,4,3,3,4,3
135,Page-137,"you pour milk in the top and once you turn it on, it shoots the milk down and out of the funnel (funnel is very thin) and the vigorous motion creates the frothed milk",3,2,3.5,2,2.5,3,2,4,2,3
136,Page-138,the machine will turn on by button and the nozzle will be low enough to be in the center of mlik to steam it throughly,3.5,6,1,5.5,4,4,6,1,6,4
137,Page-139,"portable frother, hand-held, adjust temperature?, plugs into wall to heat incorporates air bubbles into mixture, must be moved around milk to froth completely",3.5,6,3.5,5.5,4,4,6,4,6,4
138,Page-140,mechanical arm preprogrammed with designs automatically froths milk and creates design with a touch of a button,1,1.5,3.5,5,4,1,2,4,5,4
139,Page-141,gyrating platform that creates the design while moving the cup with a steady stream of froth,1,1.5,4.5,4.5,3.5,1,2,5,5,4
140,Page-142,user orientated sliding track If the user follows the cup it creates desired design.,1,1.5,4,5,1,1,2,4,5,1
141,Page-143,frothed milk gun,2.5,1,5,2.5,1.5,3,1,5,3,2
142,Page-144,milk pod,4.5,3,6,1.5,5.5,5,3,6,2,6
143,Page-145,soft serve frothed milk,2.5,1.5,3,3,2.5,3,2,3,3,3
144,Page-146,fountain of frothed milk,4,3.5,4.5,1.5,4.5,4,4,5,2,5
145,Page-147,milk centrifuge,2,2.5,4.5,2.5,3,2,3,5,3,3
146,Page-148,motor-powered whisk,3.5,5.5,3,4.5,3.5,4,6,3,5,4
147,Page-149,bottom-moving cup to move and heat drink,4,4,3.5,4.5,4.5,4,4,4,5,5
148,Page-150,portable hand mixer with vibrating and moving head,4.5,4,4.5,4.5,4,5,4,5,5,4
149,Page-151,toothed dipper that mixes froth to create air bubbles,3.5,2.5,5,3.5,2.5,4,3,5,4,3
150,Page-152,hand-powered pump to generate froth,3.5,4.5,1.5,5,3.5,4,5,2,5,4
151,Page-153,"housing for milk, spiu by electric motor",2,1.5,2,4,3.5,2,2,2,4,4
152,Page-154,"motor in lid, rotates egg beaters in milk, causing milk to be stirred",3.5,2,2.5,4,3.5,4,2,3,4,4
153,Page-155,series of gears move the cup of milk around when a handle/crank is turned,2.5,2,5,5,3,3,2,5,5,3
154,Page-156,a shake table (like those used to simulate earthquakes is used to shake/stir milk -> due to series of springs,2,2.5,3.5,4,1,2,3,4,4,1
155,Page-157,"using repelling magnets, cylinder of milk shakes",5.5,3.5,6,5.5,6,6,4,6,6,6
156,Page-158,mechanical syringe that pumps air bubbles into milk,1.5,1.5,4,3.5,3,2,2,4,4,3
157,Page-159,"mechanical whisker to whisk milk, creating air bubbles",2,3,1,3,2.5,2,3,1,3,3
158,Page-160,grated metal sheet that is manually pressed up and down to create bubbles,2.5,4.5,1.5,4,3.5,3,5,2,4,4
159,Page-161,"place magnetic stir bar in milk, put on mag. Plate and turn on high rpm",1,1.5,3,4,3,1,2,3,4,3
160,Page-162,place bowl of milk on a shifting surface to mix around and create bubbles,2,2,4,3.5,2,2,2,4,4,2
161,Page-163,put milk in blender and turn on high,2,2.5,1.5,3,2.5,2,3,2,3,3
162,Page-164,rotating surface quickly spins cylinder of milk,2,2,5.5,3.5,1,2,2,6,4,1
163,Page-165,mixer that faces upward in small container,2,2.5,2.5,3,2,2,3,3,3,2
164,Page-166,spinning cubical rectangle that also vibrates,2,3,2,2.5,2.5,2,3,2,3,3
165,Page-167,vibrates the container and milk,1.5,1.5,2,3,3,2,2,2,3,3
166,Page-168,mini blender that also moves up and down,4,4.5,5,3.5,1,4,5,5,4,1
167,Page-169,cup with ridges that you shake,3,5.5,3,3.5,3,3,6,3,4,3
168,Page-170,use the vibration of your phone,2,1.5,5,3,2,2,2,5,3,2
169,Page-171,counter rotating prongs to mix milk,1.5,2.5,3,2.5,2.5,2,3,3,3,3
170,Page-172,shock milk with electricity,1,1.5,5.5,2,2.5,1,2,6,2,3
171,Page-173,wisk the milk,2,3,1.5,2.5,2,2,3,2,3,2
172,Page-174,spinning metal with holes in it,3.5,5,2.5,3,3,4,5,3,3,3
173,Page-175,the diaphragms move in and out shaking the milk while a tube supplies air,3,3,4.5,2,2,3,3,5,2,2
174,Page-176,guy rides horse to shake milk while blowing in straw,2.5,1,6,1.5,1,3,1,6,2,1
175,Page-177,turbine agitates milk while pump supplies bubbles,2.5,2,2,1.5,1,3,2,2,2,1
176,Page-178,Dominic shakes milk hands it off to Dr. Rittner for bubbles,3,3,6,1.5,1,3,3,6,2,1
177,Page-179,throw milk down the stairs in protective case then take out and serve at precisely 310K,2.5,2,5.5,2,1,3,2,6,2,1
178,Page-180,use fire truck hose with air and huge blender,2.5,1,5.5,1,1,3,1,6,1,1
179,Page-181,get a team of elephant to blow into the milk after installing check valve and sterilizing,2,1,5,1.5,1,2,1,5,2,1
180,Page-182,find a giant to play baskeball with milk balls ,2.5,2,5.5,1.5,1.5,3,2,6,2,2
181,Page-183,"let milk fall from an elevated level froth is less dense will go out top hose, bottom hose recycles",2.5,1.5,4.5,2,1.5,3,2,5,2,2
182,Page-184,run milk through microporous membrane causing a presure increase and jet formation which will hit outer wall,4.5,4,5,2,4.5,5,4,5,2,5
183,Page-185,sterilize 100 childrens mouths using a protective barrier then have them shake it up during play time,2,1,5,1.5,1,2,1,5,2,1
184,Page-186,whipped cream type dispenser with air cartrige,4,3,4.5,2,4,4,3,5,2,4
185,Page-187,wirey whisker with air bubble injection,3,3,2.5,2,3.5,3,3,3,2,4
186,Page-188,milk container with mesh or holed base to inject air from the bottom up through milk,3,2.5,3.5,3.5,1.5,3,3,4,4,2
187,Page-189,add an ingredient that promotes bubble/froth formation to the milk,5,3,5.5,3,3.5,5,3,6,3,4
188,Page-190,"a ""paint shaker"" idea where you place the milk in a violent shaking device",4,4.5,1.5,4.5,3.5,4,5,2,5,4
189,Page-191,aerate under high pressure and then bring back to atmospheric and hope the air bubbles expand and frothify,3.5,3,3.5,3.5,1.5,4,3,4,4,2
190,Page-192,waterfall like design for milk,3.5,2.5,6,2.5,3.5,4,3,6,3,4
191,Page-193,vibrating coil,1.5,6,1,4.5,5,2,6,1,5,5
192,Page-194,rotating pinwheel,2,3.5,1.5,4,5,2,4,2,4,5
193,Page-195,fan-powered bubbler,1.5,1.5,3.5,2.5,4,2,2,4,3,4
194,Page-196,CO2 gun,3,1.5,5.5,3.5,1.5,3,2,6,4,2
195,Page-197,dissolvable pellets,5,3,5.5,3.5,3.5,5,3,6,4,4
196,Page-198,fan -blade mixer,2.5,3,1.5,4,5.5,3,3,2,4,6
197,Page-199,rotary whisk,2.5,3,2,4.5,5.5,3,3,2,5,6
198,Page-200,large-scale gas canister,2,2,4,3.5,1.5,2,2,4,4,2
199,Page-201,pneumatic peristaltic pump,2.5,2,4,2,2.5,3,2,4,2,3
200,Page-202,"handheld, froth and release mechanisms",5,4,4.5,5.5,4.5,5,4,5,6,5
201,Page-203,"handheld, stick into milk container & froth to pour",4,4,2,4,4,4,4,2,4,4
202,Page-204,vaccum and release; uses fans to add air to milk,4,3.5,4,4.5,3.5,4,4,4,5,4
203,Page-205,hand powered spinning mechanism to froth milk,3.5,4.5,2,4.5,4,4,5,2,5,4
204,Page-206,twist two strings together and pull on the handles to give a quick spinning motion to container ; repeat over and over,4.5,3,6,3.5,3,5,3,6,4,3
205,Page-207,faucet and pump system with fine grates for adding air,3,2.5,3.5,3.5,2,3,3,4,4,2
206,Page-208,human blows air through small straw to make bubbly milk,1.5,1.5,3,3.5,2.5,2,2,3,4,3
207,Page-209,machine blows warm air into milk through straw,1.5,3.5,1,4,2.5,2,4,1,4,3
208,Page-210,put milk on warm stir plate with magnetic stirrer,1.5,1.5,3.5,5.5,3.5,2,2,4,6,4
209,Page-211,heat and stir on plate and in heated box,2.5,1.5,3,5.5,3,3,2,3,6,3
210,Page-212,machine blows warm air in while its being stirred and heated,4,3,3.5,5,2.5,4,3,4,5,3
211,Page-213,machine hat blows multiple warm air streams into milk. Plugs in,4,4.5,3.5,5,2,4,5,4,5,2
212,Page-214,air goes into double layered pitcher and flows through pores in inner layer to foam milk.,3,2.5,4,4.5,3,3,3,4,5,3
213,Page-215,pitcher with lid where air flows through pores in the lid.,2,2,4.5,4,3.5,2,2,5,4,4
214,Page-216,spoon/straw aerorates milk in pitcher,3.5,1.5,1.5,4,2.5,4,2,2,4,3
215,Page-217,heat coiled fan that blows air into milk,2.5,2,3,5,3,3,2,3,5,3
216,Page-218,cheap! Use breath and filter to create bubbles in air like a straw,1.5,1.5,2.5,1.5,2.5,2,2,3,2,3
217,Page-219,cheap! Hand beater with multiple fans for efficiency,3,3.5,4,2.5,1.5,3,4,4,3,2
218,Page-220,use hot tub jets to generate air flow with bubbles,4.5,4,4.5,2.5,2.5,5,4,5,3,3
219,Page-221,motored beater with fans in tank of milk,3.5,3.5,2.5,2,2.5,4,4,3,2,3
220,Page-222,spray air into covered mug to froth milk,1,1.5,1.5,2.5,3.5,1,2,2,3,4
221,Page-223,use hot plate/ micro stir bar at the rate of extremely high velocity to froth milk,1,2,3.5,3,3.5,1,2,4,3,4
222,Page-224,use magnets to froth,3.5,2.5,5,4,3,4,3,5,4,3
223,Page-225,bounce milk along really rocky path for amish frothed milk,2.5,1,6,2,1,3,1,6,2,1
224,Page-226,have kids play on spinny playground thing then poof frothed milk!,2.5,1.5,5.5,3.5,1.5,3,2,6,4,2
225,Page-227,"using last idea, spin handle once to create air flow and sloshing for frothed milk",4,3,5,4,3,4,3,5,4,3
226,Page-228,fill air bag then let open into milk for frothing,1,1.5,4,2.5,1,1,2,4,3,1
227,Page-229,create concentration gradient that encourages certain gas to flow into milk and then at to froth,2,2,4.5,2.5,1.5,2,2,5,3,2
228,Page-230,let diaphragm fill up then squeeze handle to push air in,2,1.5,3,2.5,1.5,2,2,3,3,2
229,Page-231,create vaccum of air then open gate to allow rapid influx of air,2,1.5,4,3,1,2,2,4,3,1
230,Page-232,use vaccum suction at bottom of milk to create air flow through membrane impermeable to the mlik,2,1.5,4.5,3,1.5,2,2,5,3,2
231,Page-233,use vibrating plate or box,1,1.5,2.5,3,3,1,2,3,3,3
232,Page-234,throw air cartridge into milk container,1,1,4.5,3.5,5,1,1,5,4,5
233,Page-235,cup is held in one position the stirrer moves around rapidly in the cup and blows out hot air into milk,2.5,3,2,3.5,2.5,3,3,2,4,3
234,Page-236,the hot plates/ stirrers that one used in labs are put to use to stir rapidly the milk and form bubbles,1,1.5,3.5,3.5,3.5,1,2,4,4,4
235,Page-237,the milk is added to a handheld shaker and person shakes the device till done,2.5,4,1.5,3,4.5,3,4,2,3,5
236,Page-238,this machine involves loading a sealed milk cup into the arms by electricity the arms vigorously move up and down to add air to milk,2.5,3.5,3,3.5,1,3,4,3,4,1
237,Page-239,a larger version of the shaker pad is made for this so cups of milk can be placed on. These pads shake very rapidly when an item is pressed down on it,2.5,2,4,3.5,2,3,2,4,4,2
238,Page-240,person will dip the stirrer into the cup and press the on button and the arm will rotate the stirrer,1,1.5,3,2.5,2.5,1,2,3,3,3
239,Page-241,"milk is heated and ran through a very twisted, convoluted tubing system at a very quick speed adding air bubbles before it gets to the cup",3,1.5,3.5,2.5,2,3,2,4,3,2
240,Page-242,moves plate up and down quickly to froth milk,2,5.5,1,3,4,2,6,1,3,4
241,Page-243,essentially a mixer with a detachable cup,2.5,3,1.5,3.5,4,3,3,2,4,4
242,Page-244,pump pumps air into sealed containers with milk in it,2.5,2.5,3.5,2.5,1.5,3,3,4,3,2
243,Page-245,similar to paint shaker by shaking the milk it will become foamy,2.5,4.5,2.5,4,1.5,3,5,3,4,2
244,Page-246,a device that vibrates very quickly to foam the milk,2,3,2,3,4,2,3,2,3,4
245,Page-247,pump CO2 into the milk to make it foamy (probably a bad idea),2,2,3,4,2.5,2,2,3,4,3
246,Page-248,heat source to sealed container,1.5,3,2,2,3,2,3,2,2,3
247,Page-249,mixer with one heated whisk beater,2.5,4.5,2,4,4.5,3,5,2,4,5
248,Page-250,heated wand with three holes to expel bubbles,3,3.5,2.5,3.5,4,3,4,3,4,4
249,Page-251,hot plate with small holes for bubble release into the attached cup,2,2,3,3,3,2,2,3,3,3
250,Page-252,"mechanical shaker, inside of milk compartment is heated",3,4,3,3.5,3,3,4,3,4,3
251,Page-253,motor forces milk through tiny holes into tiny tubes with high velocity,3.5,3.5,3.5,3.5,3,4,4,4,4,3
252,Page-254,milk forced through long heated tube with many different rungs to form bubbles,4,3.5,4.5,3,2.5,4,4,5,3,3
253,Page-255,mixer (side ways) to push air into milk,3,2,3.5,1,2,3,2,4,1,2
254,Page-256,blow air into milk,2,1.5,2,1,4,2,2,2,1,4
255,Page-257,shaker in sealed container,3.5,4,1.5,1,3.5,4,4,2,1,4
256,Page-258,boil milk,1,1,3.5,2,1.5,1,1,4,2,2
257,Page-259,compression of milk/air in sealed container,1.5,2,3,1,3.5,2,2,3,1,4
258,Page-260,mixer with spoon like extensions,3,1.5,4.5,2,2,3,2,5,2,2
259,Page-261,pour milk into container with heating source at bottom,1.5,1,2.5,1.5,2.5,2,1,3,2,3
260,Page-262,heat tube as milk is flowing through to create froth,1.5,1,3,1.5,4,2,1,3,2,4
261,Page-263,mix milk with some boiling water and send out,1.5,1,4.5,2.5,1.5,2,1,5,3,2
262,Page-264,hot plate with milk in metal container on top,1,1,2,1.5,2,1,1,2,2,2
263,Page-265,use steam in a chamber with milk to froth,2.5,3.5,2.5,1.5,3.5,3,4,3,2,4
264,Page-266,heat source in center of chamber,1,1,3,2,2.5,1,1,3,2,3
265,Page-267,"like blender, but 3 rectangular blades along height of container",2.5,2.5,4,4,2.5,3,3,4,4,3
266,Page-268,like a microwave - put milk in container that provides radiation,1.5,1.5,4.5,3,3,2,2,5,3,3
267,Page-269,put milk in container and vigorously shake,2.5,4,1.5,3.5,2.5,3,4,2,4,3
268,Page-270,"pour milk into container, falls down tube and goes into horizontal tube with churning blades and eventually expelled out",2,3.5,3.5,2.5,1.5,2,4,4,3,2
269,Page-271,chamber that switches between different pressures on each side repetitively to mix milk,4,3,5.5,3.5,3,4,3,6,4,3
270,Page-272,attach container of milk to dog - done in only 10 minutes!,2.5,2,5.5,2.5,1,3,2,6,3,1
271,Page-273,pendulum - rotator swings milk in containers at desired rpm - can make two containers at once,2.5,1.5,5.5,4,2.5,3,2,6,4,3
272,Page-274,turbine blade spin at desired rpm and put into milk for desired time,2.5,2,3,2.5,3.5,3,2,3,3,4
273,Page-275,high powered air blower into milk to mix vigorously,1.5,1.5,4.5,2.5,1.5,2,2,5,3,2
274,Page-276,"similar to idea #9, but air blows into sides",1,1.5,4.5,3.5,1,1,2,5,4,1
275,Page-277,hydraulically moving the milk container.,3.5,2.5,3,4,2.5,4,3,3,4,3
276,Page-278,new type of mixing blades,4.5,4,4.5,4.5,3,5,4,5,5,3
277,Page-279,robot that shakes the container rapidly,4,3,5,3,2,4,3,5,3,2
278,Page-280,use some type of gravity contraption,2.5,1,2,3,2.5,3,1,2,3,3
279,Page-281,piston type device,3.5,2.5,5,4,3,4,3,5,4,3
280,Page-282,combine rotation and up and down movement,4.5,4,4.5,4.5,3.5,5,4,5,5,4
281,Page-283,have employees play catch with the container of milk,2.5,2,5,2,1,3,2,5,2,1
282,Page-284,a pump that moves fluid,2.5,2,3,3,2.5,3,2,3,3,3
283,Page-285,spray milk in at very high speeds,3,3,4.5,2.5,1.5,3,3,5,3,2
284,Page-286,hot air balloons,1.5,2.5,1.5,2,3.5,2,3,2,2,4
285,Page-287,vortex,2.5,3.5,2,3.5,4.5,3,4,2,4,5
286,Page-288,creamer bomb,4.5,2,4.5,4,5.5,5,2,5,4,6
287,Page-289,milk heat storage,1.5,1.5,4,2.5,3,2,2,4,3,3
288,Page-290,the farter/swirler -> people may not buy a name like this,1,3,2,3.5,2,1,3,2,4,2
289,Page-291,shape creator/design twirler,1.5,1.5,3,1.5,2.5,2,2,3,2,3
290,Page-292,the bum warmer,1,1.5,2,2,3.5,1,2,2,2,4
291,Page-293,froth me up,1,1,3,2,2.5,1,1,3,2,3
292,Page-294,froth cream maker,4.5,3,4.5,2.5,5,5,3,5,3,5
293,Page-295,sprinklier,6,3,5.5,3,6,6,3,6,3,6
294,Page-296,helicopter,2,2.5,2.5,2.5,2,2,3,3,3,2
295,Page-297,milk jar,3.5,4,1,2,3.5,4,4,1,2,4
296,Page-298,milk jar + machine,4,5,2,2,2.5,4,5,2,2,3
297,Page-301,current frother + heater,3.5,4,1.5,2,1.5,4,4,2,2,2
298,Page-303,frother + time machine,1.5,1,3.5,1,1,2,1,4,1,1
299,Page-304,"pulling up on plunger compresses spring, releasing pushes plunger into liquid, displacement introduces bubbles",4,4,3.5,5,4,4,4,4,5,4
300,Page-305,motor powered blades disrupt liquid and introduce bubbles,2,2.5,2,3.5,4,2,3,2,4,4
301,Page-306,motor spins container itself causing vortex in fluid introducing bubbles,2.5,1.5,2,3,3.5,3,2,2,3,4
302,Page-307,horizontal blades push air bubbles through as they rotate,3.5,2.5,3,2.5,2.5,4,3,3,3,3
303,Page-308,push high pressure air by compression through fluid,2,2,3,2.5,2,2,2,3,3,2
304,Page-309,vibrating bristles quickly like those electric tooth brush commercials where they dunk it in water and show bubbles,3.5,2.5,4.5,2,3,4,3,5,2,3
305,Page-310,beaters - style mixers,2,2,1,2,2.5,2,2,1,2,3
306,Page-311,just shake it,3.5,4,1,2,4,4,4,1,2,4
307,Page-312,just buy it,1,1,1,2,1,1,1,1,2,1
308,Page-313,like the soda machine but for the milk,2,1,4.5,2,2,2,1,5,2,2
309,Page-314,a loop that takes up air + the milk and flow it to another container,1.5,1,2.5,2.5,1,2,1,3,3,1
310,Page-315,attack milk to compressed air channel + open nozzle,1.5,2,2.5,3,1,2,2,3,3,1
311,Page-316,use a bubbler to add bubbles to milk,1,1.5,2,3.5,3,1,2,2,4,3
312,Page-317,rotate milk on a turning board with air in tube,2.5,2.5,3.5,4,2,3,3,4,4,2
313,Page-318,mikl is frothed by using a rotor that pulls in air,1,1.5,3,3.5,1.5,1,2,3,4,2
314,Page-319,milk is placed in a tube on a machine that vibrates rapidly,1.5,2,2,2.5,2,2,2,2,3,2
315,Page-320,person blows bubbles into the milk,1,1.5,2,2,2.5,1,2,2,2,3
316,Page-321,milk is stirred using a stir plate and metal bar,1.5,1.5,3,3.5,4,2,2,3,4,4
317,Page-322,"milk is boild, captured, and condensed again into liquid milk",4,2,6,3,2,4,2,6,3,2
318,Page-323,a balloon is filled with air then compressed -> releasing its air into the milk -> frothing the milk,2,1.5,3.5,4.5,1,2,2,4,5,1
319,Page-324,,2.5,3.5,1,4.5,4,3,4,1,5,4
320,Page-325,battery powered motor,2,2.5,1.5,4,3.5,2,3,2,4,4
321,Page-326,fan blows air into milk to froth,1.5,2,2.5,3.5,2,2,2,3,4,2
322,Page-327,plate spins container at high speeds until frothed,1.5,1.5,2,3.5,2,2,2,2,4,2
323,Page-328,container clamped in and  then shook until frothed,3.5,4.5,2,4,1.5,4,5,2,4,2
324,Page-329,fan in bottom of container spun by motor,2,2.5,2,2.5,1.5,2,3,2,3,2
325,Page-330,milk poured into device pathway froths,2,1,3,3.5,3.5,2,1,3,4,4
326,Page-331,buttons pressed to flap wings and froth,2,2,4,3,2,2,2,4,3,2
327,Page-332,single stirrer creates whirlpool by spinning fast in circle,1.5,2,1.5,4,3,2,2,2,4,3
328,Page-333,container manually flipped up and down while milk is forced through small holes until frothed,4,4.5,3.5,4,4,4,5,4,4,4
329,Page-334,magnetic stir bars,1,1.5,3,2.5,3.5,1,2,3,3,4
330,Page-335,beater-like contraption,1.5,2.5,1,4,4,2,3,1,4,4
331,Page-336,container strapped to continuosly moving plate to maintain frothed quality,2,2,2.5,3,2,2,2,3,3,2
332,Page-337,pump loop to create turbulance and froth milk for continuous supply,3.5,3,3.5,2.5,2,4,3,4,3,2
333,Page-338,plunger-like object moves up and down very quickly,2,4,1.5,3,3,2,4,2,3,3
334,Page-339,regular shake-able container maybe insert that assists,5,5.5,3,3.5,5,5,6,3,4,5
335,Page-340,vortex machine used in labs on campus to mix air into milk,2.5,2,4.5,3,3,3,2,5,3,3
336,Page-341,mixer to froth the milk -> normal,1,2.5,1,1.5,3,1,3,1,2,3
337,Page-342,stir milk while injecting air through a hose/neddle,2.5,2.5,2.5,2,3.5,3,3,3,2,4
338,Page-343,milk and shaker ball shaken together will froth milk,3.5,5.5,4,3,4.5,4,6,4,3,5
339,Page-344,person blows air into milk manually,1,1.5,2,2,3,1,2,2,2,3
340,Page-345,milk put into shaker that shakes paint and mixed,2.5,4.5,2,3,2,3,5,2,3,2
341,Page-346,milk boiled/heated while stirred,2.5,2,2.5,3,1.5,3,2,3,3,2
342,Page-347,portable milk frother,1.5,6,1,5,5,2,6,1,5,5
343,Page-348,shielding milk frother,3.5,6,2,4.5,4,4,6,2,5,4
344,Page-349,high speed/time frother,2.5,5.5,2,4,2,3,6,2,4,2
345,Page-350,contianer with attached milk frother,3.5,4,2.5,4.5,2,4,4,3,5,2
346,Page-351,mug with internal milk forther and heater,4,5,3,4.5,3,4,5,3,5,3
347,Page-352,milk/coffee separator and frother,5.5,5.5,5,3.5,4.5,6,6,5,4,5
348,Page-353,froth milk injector,3.5,2,5,4,4.5,4,2,5,4,5
349,Page-354,froth milk injector,4.5,4.5,3.5,4.5,4,5,5,4,5,4
350,Page-355,easy car frother,3,4.5,3.5,4,3,3,5,4,4,3
351,Page-356,pump creates frothed milk,3.5,4,3,3,3,4,4,3,3,3
352,Page-357,whisk agitates milk,1,6,1,4,4.5,1,6,1,4,5
353,Page-358,hot air + whisk agitate and add air,4,6,2,3.5,3,4,6,2,4,3
354,Page-359,hot air stream causes propellor to spin and froth milk,3.5,5,3,4,2.5,4,5,3,4,3
355,Page-360,Vibrating table + air source froths foam hands free,3,4.5,4,4,2,3,5,4,4,2
356,Page-361,2 stage frothing,3,3.5,3,3.5,1,3,4,3,4,1
357,Page-362,hot plate + propellor,2,3,1.5,4,2.5,2,3,2,4,3
358,Page-363,tiny holes with hot air presses through milk vigorously,2,2.5,3,2.5,3,2,3,3,3,3
359,Page-364,electric hand mixer handle,2,2.5,1,1.5,2.5,2,3,1,2,3
360,Page-365,magnet would spin milk clockwise and counterclockwise quickly,4,3.5,5,3,4.5,4,4,5,3,5
361,Page-366,handle will be shaken vigorously,3,4.5,2.5,2.5,2.5,3,5,3,3,3
362,Page-367,shaft with sieve,3,5,1,3,3.5,3,5,1,3,4
363,Page-368,heat to froth,1,1,2.5,1.5,1.5,1,1,3,2,2
364,Page-369,heat and shake,2,4.5,1.5,2.5,2.5,2,5,2,3,3
365,Page-370,electric blender + heat,2,2.5,2,2.5,2.5,2,3,2,3,3
366,Page-371,microwave with quick rotation,1,1.5,3.5,3,1.5,1,2,4,3,2
367,Page-372,plunger,1,4,1.5,3,2.5,1,4,2,3,3
368,Page-373,milk shower head,4,2.5,5,3.5,3,4,3,5,4,3
369,Page-374,plate earthquake,1.5,2.5,2,3,2.5,2,3,2,3,3
370,Page-375,balloon explosion,1,1,4.5,1.5,1,1,1,5,2,1
371,Page-376,bubble gun milk frother,2,2,5.5,4,2,2,2,6,4,2
372,Page-377,milk shaking device,1.5,3,1.5,3,1.5,2,3,2,3,2
373,Page-378,use of smoothie mixer,2,2,1.5,4,3.5,2,2,2,4,4
374,Page-379,washer mechanism of mixer,2,2,3.5,3,1.5,2,2,4,3,2
375,Page-380,app based milk mixed,1,1,3.5,2,1.5,1,1,4,2,2
376,Page-381,heated aggregator inside a pot or cup,3,4,2.5,2,3.5,3,4,3,2,4
377,Page-382,toothbrush like bristles that heat and aggrevate milk,3.5,3,4.5,2.5,2.5,4,3,5,3,3
378,Page-383,conventional steamer with multiple holes,3.5,5,1.5,3,4,4,5,2,3,4
379,Page-384,similar to electronic mixer but smaller and with heat,3.5,3.5,2.5,2.5,2.5,4,4,3,3,3
380,Page-385,a tablet that reacts in milk to chemically create froth,5,3,5.5,2.5,6,5,3,6,3,6
381,Page-386,a plate with small holes to increase pressure on milk to turn to foam,2,3.5,1.5,2.5,4.5,2,4,2,3,5
382,Page-387,bowl that uses logers to aggrevate milk to foam,2,1.5,6,3,4,2,2,6,3,4
383,Page-388,fans that move milk back and forth until foam comes out center,3,2,4,2,1,3,2,4,2,1
384,Page-389,blender bottle on steroids,3,5.5,2,3.5,4,3,6,2,4,4
385,Page-390,liquid milk froth,3,3,5,3.5,4,3,3,5,4,4
386,Page-391,tri milk filter with an electric stove,2,2.5,3.5,6,1,2,3,4,6,1
387,Page-392,heating tremblor,3,3,3,5,1,3,3,3,5,1
388,Page-393,heating turbo froster,3,3,3.5,4.5,1,3,3,4,5,1
389,Page-394,milk spring microwaved,1,1,6,4,2.5,1,1,6,4,3
390,Page-395,milk retained in fiber cabsules while being heated,1,1.5,5.5,4,2.5,1,2,6,4,3
391,Page-396,perfect measurer + saver of excess,3.5,4.5,2.5,4.5,2.5,4,5,3,5,3
392,Page-397,the shaker #1,4,4.5,2,3.5,3,4,5,2,4,3
393,Page-398,the shaker #2,4,4.5,2,3,3,4,5,2,3,3
394,Page-399,the multi-blender,4,5,3,4,2.5,4,5,3,4,3
395,Page-400,the ball,4,4,3.5,4,3.5,4,4,4,4,4
396,Page-401,control top,3.5,5.5,2,4.5,3.5,4,6,2,5,4
397,Page-402,works like aquarium aerator,3,2,3.5,1.5,4.5,3,2,4,2,5
398,Page-403,works like mixer but has hose for milk,2.5,2.5,3,2,1.5,3,3,3,2,2
399,Page-404,froth collection device,1.5,2,4.5,3,2,2,2,5,3,2
400,Page-405,froth collecting basin,1.5,1,3.5,3,3,2,1,4,3,3
401,Page-407,gear style milk frother,3,2.5,5.5,4,1,3,3,6,4,1
402,Page-408,chamber style milk frother,1,1,3,2,2,1,1,3,2,2
403,Page-409,human milk frothing with straw,1,1.5,3,2,2,1,2,3,2,2
404,Page-410,milk jug frothing (shaking and heating) platform,2.5,3,2,3,2,3,3,2,3,2
405,Page-411,mass milk frother,2,1.5,3,2.5,2,2,2,3,3,2
406,Page-412,ultrasonic probe vibrates with heat,4,3,4.5,3,4,4,3,5,3,4
407,Page-413,milk frothing tank,3,2.5,3.5,2,1,3,3,4,2,1
408,Page-414,centrifugal spinning probe,3.5,2,5,4,3,4,2,5,4,3
409,Page-415,blender design milk frother,3,2.5,3,3,3,3,3,3,3,3
410,Page-416,squirt gun milk frother,2,2.5,5,3.5,2.5,2,3,5,4,3
411,Page-417,ultrasonic milk frothing tank (great for mass quantitiy),2,2,3,2.5,1.5,2,2,3,3,2
412,Page-418,microwave frother,1,1,4,3,2.5,1,1,4,3,3
413,Page-419,protein ball shaker frother,3.5,5.5,2.5,4.5,4.5,4,6,3,5,5
414,Page-420,use high pressure to push milk through a filter,3,3,3,3.5,3,3,3,3,4,3
415,Page-421,get the froth by boiling the milk,2.5,1.5,3.5,1.5,4,3,2,4,2,4
416,Page-422,mixing the milk with high speed with valve next to the motor to increase efficiency,3,3.5,2,3.5,2,3,4,2,4,2
417,Page-423,going through different stages with heater and filter after pushing milk into the device,3.5,3,4,2.5,1.5,4,3,4,3,2
418,Page-424,upward flow frother,1.5,1.5,2.5,3,2.5,2,2,3,3,3
419,Page-425,side flow frother,1.5,1.5,2.5,3,2.5,2,2,3,3,3
420,Page-426,energized ball frother,5.5,4.5,4,5,5,6,5,4,5,5
421,Page-427,circumferential forther,2,2,3,3.5,3,2,2,3,4,3
422,Page-428,closed container with air flow frother,1,1.5,3.5,3,3.5,1,2,4,3,4
423,Page-429,typical frother,1,1.5,2,2,2.5,1,2,2,2,3
424,Page-430,funnel frother,2,1.5,4,2.5,2,2,2,4,3,2
425,Page-431,chemically powered frother,4.5,3,4.5,4,5,5,3,5,4,5
426,Page-432,piston powered frother,5,4.5,3.5,4,3.5,5,5,4,4,4
427,Page-434,fan-propelled forther,3.5,4.5,2.5,3,3.5,4,5,3,3,4
428,Page-435,blade-propelled frother,2.5,4,1.5,4,4,3,4,2,4,4
429,Page-436,large-scale frother,3,4.5,2,3.5,3,3,5,2,4,3
430,Page-437,machine mounted whisk,3.5,6,2,3,5,4,6,2,3,5
431,Page-438,air injector,1.5,1.5,3.5,2,2.5,2,2,4,2,3
432,Page-439,frothy vibrator machine,2.5,5,2,2.5,1.5,3,5,2,3,2
433,Page-440,combination of ideas 1 to 3,5,5.5,3.5,3,2,5,6,4,3,2
434,Page-441,idea 1 but also pulses at a high frequency,4.5,5.5,3,3,3,5,6,3,3,3
435,Page-442,big black box with people inside that blow bubbles into milk,2.5,1,4,2,1,3,1,4,2,1
436,Page-443,add a heater,3,5,2.5,2.5,2,3,5,3,3,2
437,Page-444,all prior ideas combined,5.5,5,4,3.5,1.5,6,5,4,4,2
438,Page-445,start selling cartons of pre-frothed milk,1,1,4.5,1,5,1,1,5,1,5
439,Page-448,cow-shaker,1,1,5.5,1.5,1.5,1,1,6,2,2
440,Page-449,spherical tank,3,4,3,2.5,4,3,4,3,3,4
441,Page-450,air gun takes air from surroundings and puts it into milk,2,1.5,3,3.5,3,2,2,3,4,3
442,Page-451,container holds milk and shakes vigorously,4,4.5,2.5,4,3,4,5,3,4,3
443,Page-452,chamber of milk/air shaken up and down vigorously,3.5,5,3,4,2.5,4,5,3,4,3
444,Page-453,milk/air container is shaken manually to froth.,3.5,4,2.5,3.5,2.5,4,4,3,4,3
445,Page-454,small blender to mix air/milk,2.5,2.5,2,4,3,3,3,2,4,3
446,Page-455,specialized blades froth milk with minimal manual effort.,3.5,6,2,4.5,5,4,6,2,5,5
447,Page-456,mini fan froths milk by agitating with blades,2,4.5,1.5,4,5,2,5,2,4,5
448,Page-457,injection of air manually prevents over-frothing,2.5,1.5,4.5,3,2.5,3,2,5,3,3
449,Page-458,heats water and injects pressurized steam to froth milk,4,6,1.5,4.5,4,4,6,2,5,4
450,Page-459,sucks in air and mixes pressurized air + milk to froth.,3,2.5,3,4,2,3,3,3,4,2
451,Page-460,vents in manual shaker allow air/milk to mix,3.5,4,2,3,3,4,4,2,3,3
452,Page-461,N2 allows for finer bubbles/gentler frothiness,4.5,3,5.5,3.5,3,5,3,6,4,3
453,Page-464,multiple pumps that force atmospheric gas (or oxygen) into milk,3,2.5,3,4,2.5,3,3,3,4,3
454,Page-467,"use a stir-bar and magnetic field to froth the milk, as is done to stir solutions",1,1.5,4.5,3.5,4,1,2,5,4,4
455,Page-468,use a motor (unbalanced mass potentially) to cause a plate to vibrate the milk will also vibrate,1.5,1.5,2,3.5,3,2,2,2,4,3
456,Page-469,use a hand held device (i.e. toothbrursh) that contains bristles to froth the milk,2,2,4,2,1,2,2,4,2,1
457,Page-470,same idea as a blender bottle for mixing drinks/working out. Use a metal coiled ball and manually shake up and down,4,5.5,2.5,3,3.5,4,6,3,3,4
458,Page-471,"use a blender to whip the milk, using egg beater type attachment, creating froth",3,2.5,3,2,2,3,3,3,2,2
459,Page-472,"subject milk from large container through series of smaller tubing, increased pressure, turbulent flow field -> milk will be agitated, create froth at end, collect",1.5,1.5,2.5,2.5,1.5,2,2,3,3,2
460,Page-473,"use some type of mechanical pump to transport regular milk to another container, increased pressure and turbulunce provides mixing = froth",1.5,1.5,2.5,4,1.5,2,2,3,4,2
461,Page-475,"assuming the one in kitchen with dishwasher/other appliances, use the vibraters from these appliances to vibrate milk using spring systems",3,2,5.5,3,3.5,3,2,6,3,4
462,Page-476,piston with grate,3.5,5,2,4,3.5,4,5,2,4,4
463,Page-477,high pressure chamber + quick depressurization,3.5,2.5,4,3,1,4,3,4,3,1
464,Page-478,turbulent flow device,3.5,3.5,4,2.5,2,4,4,4,3,2
465,Page-479,oscillating container,4,4,3.5,3,3,4,4,4,3,3
466,Page-480,centrifuge milk while mixing up and down as well,3.5,2.5,3.5,3.5,2.5,4,3,4,4,3
467,Page-481,"if idea #1 wont work, centrifuge 1st and then place in mixer device",3,2.5,3,3,1.5,3,3,3,3,2
468,Page-482,shakers with wire balls in them (similar to protein shakers),4,5.5,2,4,3.5,4,6,2,4,4
469,Page-483,milk propeller,3,3,2.5,3.5,2,3,3,3,4,2
470,Page-484,milk propeller 2,3,3,3,3.5,1.5,3,3,3,4,2
471,Page-485,giant sized mixing machine,2.5,5.5,2,4,2.5,3,6,2,4,3
472,Page-486,toothbrush motor frother with movement,2,2.5,2.5,3.5,3.5,2,3,3,4,4
473,Page-487,air bubbles adds froth to milk,1,2,1.5,2,3,1,2,2,2,3
474,Page-488,shaker creates froth by moving container rapidly,1.5,3,1.5,3,4,2,3,2,3,4
475,Page-489,a metal filter with small holes vibrates rapidly at milk air interface to create foam,3,3.5,2.5,3.5,2.5,3,4,3,4,3
476,Page-490,milk poured through fan so it is frothed,1,1.5,2.5,2,2.5,1,2,3,2,3
477,Page-491,heat milk until boiling and view the frothing from this heating,1,1.5,1.5,2,4,1,2,2,2,4
478,Page-492,rotating drum stirrer froths milk,2.5,2.5,3,2.5,1.5,3,3,3,3,2
479,Page-493,hot plate spinning frother,3,3,3.5,2.5,3.5,3,3,4,3,4
480,Page-494,steel rod frotho-matic ,2.5,4,3.5,2,2.5,3,4,4,2,3
481,Page-495,camping frother,2.5,1.5,4,1.5,1,3,2,4,2,1
482,Page-496,solar steamer no electricity frother,4.5,4.5,4,1.5,2.5,5,5,4,2,3
483,Page-497,straight from udder frothing,1.5,1,5.5,1.5,1.5,2,1,6,2,2
484,Page-498,gravity frothing milk pourer,2,1,3.5,1.5,3,2,1,4,2,3
485,Page-499,time-saving pre-frothed milk,3,1,4,2,4,3,1,4,2,4
486,Page-500,milk frothing ferris-wheel,4,2.5,4.5,2,1,4,3,5,2,1
487,Page-501,frothing bag,3.5,4,4.5,1,2.5,4,4,5,1,3
488,Page-502,other gravity frother,1.5,1,2.5,1,4,2,1,3,1,4
489,Page-503,centrifuger that spins milk,2,1.5,3,5,2.5,2,2,3,5,3
490,Page-504,magnetic mixer spins magnet in milk really fast,1.5,1.5,4,4,4.5,2,2,4,4,5
491,Page-505,put milk in ball and roll it down stairs,2.5,2.5,4,2.5,2,3,3,4,3,2
492,Page-506,put milk in ball and play game where you hit ball around a rod,3,2.5,5,2.5,3,3,3,5,3,3
493,Page-507,give milk container to an angry gorilla,2.5,2,6,2,2.5,3,2,6,2,3
494,Page-508,machine shakes milk up and down really fast,3,4.5,2,4.5,2.5,3,5,2,5,3
495,Page-509,make a waterfall of milk similar to willy wonka,2.5,2,6,3,4,3,2,6,3,4
496,Page-510,salad spinner that spins milk,4,3.5,3.5,4,3.5,4,4,4,4,4
497,Page-511,water tunnel for milk that rapidly shoots out milk,2,2,4.5,3.5,2.5,2,2,5,4,3
498,Page-512,"fire hose that shoots milk, forth is collected in a drain",2,1.5,5.5,2,1,2,2,6,2,1
499,Page-513,milk held in chamber with rod that rapidly goes up and down,2,3,2,3.5,4,2,3,2,4,4
500,Page-514,ball of milk attached to spring that rapidly oscilates back and forth,3,3,5.5,3,3,3,3,6,3,3
501,Page-515,drop container of milk out of a plane possibly in a rubber and bouncy container,1.5,1,6,3.5,1,2,1,6,4,1
502,Page-516,box with holes for rods that rapidly move back and forth,1,1.5,3,4,1.5,1,2,3,4,2
503,Page-517,shoot cannon ball filled with milk out of a cannon,1.5,1.5,5,2,1,2,2,5,2,1
504,Page-518,big rotating scythes that cut and churn milk quickly,2.5,3,3,4,2.5,3,3,3,4,3
505,Page-519,"bounce house where floor filled with milk, children bounce on it and churn it",3,1.5,6,2,1,3,2,6,2,1
506,Page-520,arm with plungers spins in milk and churns it,3,3.5,2.5,4,2.5,3,4,3,4,3
507,Page-521,ball of milk on rollers that spin ball rapidly,3,4,3.5,2.5,2.5,3,4,4,3,3
508,Page-522,mixer,1.5,3,1.5,3.5,3,2,3,2,4,3
509,Page-523,fan/air bubble gun,1,1.5,2.5,3,3,1,2,3,3,3
510,Page-524,vibration - milk shaker machine,3.5,4.5,3.5,5,3.5,4,5,4,5,4
511,Page-525,"warm plate, metal stirring rod",2,1.5,3,4,4,2,2,3,4,4
512,Page-526,straw (blow in it),1,1.5,3,2.5,2.5,1,2,3,3,3
513,Page-527,pump up and down to mix milk and add air (like a mini bike pump),2,2,5,3.5,1.5,2,2,5,4,2
514,Page-528,energetic toddler released to be wild holding sealed cup of milk,2,2.5,4,2.5,2,2,3,4,3,2
515,Page-529,vacuum forces cycling milk through mixing/bubbling machine,2.5,3,3.5,3.5,2,3,3,4,4,2
516,Page-530,mini milk cup roller coaster,2.5,2,5.5,3.5,2,3,2,6,4,2
517,Page-531,trampoline tunnel to drop milk into and bounce around to mix it up,2.5,2,5.5,3.5,1.5,3,2,6,4,2
518,Page-532,gear mixer spinning fast,2.5,4,1.5,4.5,3.5,3,4,2,5,4
519,Page-533,nerf gun mechanism to shoot air into milk,3.5,2,5.5,4.5,2,4,2,6,5,2
520,Page-534,attach a small metal whisk to an electric toothbrush,3.5,5,3,1.5,3,4,5,3,2,3
521,Page-537,attach a jar with milk to the arm and vigorously shake,2.5,4.5,2.5,2.5,3,3,5,3,3,3
522,Page-540,blow into a straw,1.5,1.5,1.5,1.5,3.5,2,2,2,2,4
523,Page-543,long device with coiled end that is mounted on part that rotates rapidly,2,6,1.5,4,4.5,2,6,2,4,5
524,Page-544,milk placed in cylindrical device with collander insert that rotates rapidly,3,3,4.5,5.5,3.5,3,3,5,6,4
525,Page-545,milk place in rotating cylinder container that has wire ball bouncing around inside it to aerate milk,4,5.5,2,4.5,4.5,4,6,2,5,5
526,Page-546,milk place in container with rotating fans onup and bottom (inside),2.5,2.5,3,4.5,2.5,3,3,3,5,3
527,Page-547,closed cylinder with filter-like insert-shake cylinder back and forth rapidly and aerate milk,4,5,4,4.5,3.5,4,5,4,5,4
528,Page-548,cylinder container with wire enter that rotates rapidly ,3.5,3,3.5,4,2.5,4,3,4,4,3
529,Page-549,"a hand held device that the user can insert the mixer into the milk. The user turns on the device and the mixer rotates at high velocities to create aire bubbles, then the user can turn it off as desired",2,5,1,3.5,5,2,5,1,4,5
530,Page-550,a device that is inserted into the milk and the ring vibrate at high frequencies to produce air bubbles in the milk,2.5,2,3,3.5,2.5,3,2,3,4,3
531,Page-551,a glass of milk is inserted into the holder which vibrates at high frequencies to produce air bubbles throughout the milk,2.5,2.5,3,2.5,3,3,3,3,3,3
532,Page-552,a small fan is inserted into the milk placed at the bottom and then rotates at high velocities to produce air bubbles,1.5,4,1,3.5,4.5,2,4,1,4,5
533,Page-553,a vibrating band is strapped around the outside of the galss of milk and vibrates at high frequencies to produce aire bubbles ,2.5,2,4.5,1.5,4.5,3,2,5,2,5
534,Page-554,heat allows milk to warm high pressure air allows to allow for bubbles and motion,3.5,4.5,2.5,4.5,3.5,4,5,3,5,4
535,Page-555,shake milk between two cups to incorporate air into the milk,3,4,2.5,4,3,3,4,3,4,3
536,Page-556,spiral piping that has air ventilation at different points to provide air bubbles,3.5,4,3.5,5,4,4,4,4,5,4
537,Page-557,fast panel that stirs milk at high frequency,1.5,2.5,1.5,4.5,3,2,3,2,5,3
538,Page-558,"whisk-like device, battery or electric operated to blow air, manual motion of a whisk",3.5,4,2,3.5,4,4,4,2,4,4
539,Page-559,air pressure chamber,3.5,2.5,3.5,4.5,2.5,4,3,4,5,3
540,Page-560,whisk,4.5,5.5,2.5,4,3,5,6,3,4,3
541,Page-561,steam nozzle with blender,4,6,2.5,5,2.5,4,6,3,5,3
542,Page-562,centifuge with steamers,3,2,4,3.5,2,3,2,4,4,2
543,Page-563,spinning steam nozzle ,5,6,4,3.5,3,5,6,4,4,3
544,Page-564,shake + steam,6,6,3.5,3.5,1.5,6,6,4,4,2
545,Page-565,steam blender,5.5,6,2.5,3,2.5,6,6,3,3,3
546,Page-566,using a mixer,1.5,2.5,1.5,4,3,2,3,2,4,3
547,Page-567,belt that shakes really fast,2,3,3,3.5,2,2,3,3,4,2
548,Page-568,large vibrating stick,3,2,3.5,3,4,3,2,4,3,4
549,Page-569,use and old exercise machine that vibrates,3,1.5,4,3.5,3,3,2,4,4,3
550,Page-570,have a tiny oscillating motor in a small ball,5,4,3.5,3.5,4.5,5,4,4,4,5
551,Page-571,chanisaw without a chain but a pipe instead,1,1,6,2,2,1,1,6,2,2
552,Page-572,using a vent instead of vigorous motion,2,2,3.5,3,3,2,2,4,3,3
553,Page-573,blender + air bubble pitcher,3.5,3,3.5,3.5,1.5,4,3,4,4,2
554,Page-574,portable frother,1,2,1,2,4.5,1,2,1,2,5
555,Page-575,blender bottle frother,4,5.5,2,3,3.5,4,6,2,3,4
556,Page-576,swirl frother,2.5,2,2.5,2,4,3,2,3,2,4
557,Page-577,more effective hand held frother,3,2,2.5,2.5,2.5,3,2,3,3,3
558,Page-578,froth via vibration,3,2.5,3.5,2,1.5,3,3,4,2,2
559,Page-579,vibrating hand held device,2,2,2.5,2.5,4.5,2,2,3,3,5
560,Page-580,spin frother,3,3,3.5,3.5,2,3,3,4,4,2
561,Page-581,the milk is poured into the top as the gear separates the milk to allow it to be bubbling,2,3,4,3.5,3,2,3,4,4,3
562,Page-582,toy car(12x6x2) pour milk on top and pull the car backwards. This will allow the milk to stir up and down,2.5,2,6,3,3.5,3,2,6,3,4
563,Page-583,solar panel milk bottle that heats the milk and you shake to make bubbles,2.5,3,4,3,3,3,3,4,3,3
564,Page-584,dog toy -> stirs the milk and body heat to warm it up,2.5,2.5,5.5,2,1,3,3,6,2,1
565,Page-585,"bike bottle. Its you turn the pedals, the milk heat up",2.5,1.5,5,3,1,3,2,5,3,1
566,Page-586,"snooze milk froth - the more you snooze, the less foamy the milk",1,2.5,6,1.5,2,1,3,6,2,2
567,Page-587,"peddle milk froath machine- the more you peddle, the more the gear turns",4,1.5,6,2,1.5,4,2,6,2,2
568,Page-588,light-bulb milk machine. The milk will boil/bubble,1,1,5.5,2,2.5,1,1,6,2,3
569,Page-589,pen milk froth machine,3,2.5,5.5,3,3.5,3,3,6,3,4
570,Page-590,milk froth machines,2,1,6,1.5,2,2,1,6,2,2
571,Page-591,facebook milk froth machine,2,1,5.5,1.5,1,2,1,6,2,1
572,Page-592,running milk froth machine,1.5,2,5,2,1,2,2,5,2,1
573,Page-593,single batter with power switch on handle battery operated,1.5,2.5,1,4,4.5,2,3,1,4,5
574,Page-594,machine with cylinder with circular whisk that spins,2,5,1,3,3.5,2,5,1,3,4
575,Page-595,drop magnet in cup and put on hot plate for magnet to spin and froth milk strain milk out with cup cover,2,2,3.5,4.5,4.5,2,2,4,5,5
576,Page-596,have a steam nozzle attached to cone sort of compressor that shoots steam into milk,2,6,1,3,3.5,2,6,1,3,4
577,Page-597,simply shake between 2 cups,2.5,4,1,4,2,3,4,1,4,2
578,Page-598,"outside have giant dog wheel that harvests power, inside the harvested power is used to pour the milk frother which a cylinder shaft with circluar whisk that spins",4,2,5,3.5,1,4,2,5,4,1
579,Page-599,twisted metal cylinder tha spins in cup,2,4,2,4,3,2,4,2,4,3
580,Page-600,milk frother machine,1,1,1,1,1.5,1,1,1,1,2
581,Page-601,milk frother jug,1,2.5,1,1.5,2,1,3,1,2,2
582,Page-602,a stick (pen) that can froth milk (its portable),2,3,2,2.5,4.5,2,3,2,3,5
583,Page-603,froth milk maker bottle,1.5,1,1.5,2,4,2,1,2,2,4
584,Page-604,the milk container is placed on the base which provides pressure water vapour to heat and froth the milk. It laso rotates the inner container in order to homogenize the mixture,4.5,3.5,4,4,3,5,4,4,4,3
585,Page-605,the milk container is placed on the holder. The metal frother is towered. The barista choose the type of frothing. And that is it,2,3,1.5,4,4,2,3,2,4,4
586,Page-606,the just itself let in pressurized water in a gradient format. Starting from bottom towards the top,1.5,2.5,3,3,2.5,2,3,3,3,3
587,Page-607,press button vigorously whisks milk while heating kind of like a blender,3.5,5,2,5,3.5,4,5,2,5,4
588,Page-608,move lever back and forth to bubble hot milk,3,2.5,3.5,3.5,5,3,3,4,4,5
589,Page-609,a machine where metal rod bobs up and down while also mixing. Hot air comes out of the rod,2.5,3.5,1.5,3.5,4,3,4,2,4,4
590,Page-610,cup is placed on top as a motor that spins the cup very fast,2,1.5,2,3.5,2,2,2,2,4,2
591,Page-611,cup is clipped into place and vibrated vey fast,2,4,2,3.5,2,2,4,2,4,2
592,Page-612,handle clips onto hole in container and spins handle quickly,2.5,3,2,3,2.5,3,3,2,3,3
593,Page-613,device with prongs is inserted into cup with milk and vibrates ,1.5,2.5,1,3.5,4.5,2,3,1,4,5
594,Page-614,hand cranked pump that pumps air into  milk,1.5,1.5,2,3.5,2,2,2,2,4,2
595,Page-615,electric pump powered by solar panel pump air into milk,1.5,2,3.5,3,1,2,2,4,3,1
596,Page-616,pressure from heat making coffee contained and used to froth the milk,2.5,3,2.5,3,2,3,3,3,3,2
597,Page-617,portable compressed air for frothing on the go!,3,2.5,4,3.5,3.5,3,3,4,4,4
598,Page-618,shoe that pump air into can for frothing milk,1,1,5,2,1,1,1,5,2,1
599,Page-619,heat applied to bring milk to bubble then mixer rotates pen in milk up and down,1.5,3,2,3.5,2.5,2,3,2,4,3
600,Page-620,heat probe brings milk to bubble stage. Arm holding the cup shadows it in vibrating motion,2,3.5,2.5,2,2.5,2,4,3,2,3
601,Page-621,contains a heat pad brings milk to boil. Plunger inside vibrates up and down tongs,2,4.5,2,4.5,3.5,2,5,2,5,4
602,Page-622,"heat pad brings milk to boil, panel spins around x-axis",2.5,4,2.5,4,1.5,3,4,3,4,2
603,Page-623,robotic arm attachments to rapidly shake  ,2.5,3,4.5,3,1,3,3,5,3,1
604,Page-624,automatic container shaker (often milk is boiling),2.5,4,1.5,3,2.5,3,4,2,3,3
605,Page-625,milk frothing party package,4,4,5,3.5,2.5,4,4,5,4,3
606,Page-626,kick ball in the house,2.5,2.5,4.5,3.5,1.5,3,3,5,4,2
607,Page-627,bike(earn your milk),2.5,2,4,3.5,1.5,3,2,4,4,2
608,Page-628,boring,2,3.5,1.5,3.5,3.5,2,4,2,4,4
609,Page-629,"another reason, why you should own a dog.",2.5,2,5.5,4.5,1.5,3,2,6,5,2
610,Page-630,poga sitck,3.5,4,6,3.5,1.5,4,4,6,4,2
611,Page-631,paint mixer inspired,3.5,4.5,4,4.5,1.5,4,5,4,5,2
612,Page-632,set can of milk on vibrating car,2,1.5,5.5,3.5,1,2,2,6,4,1
613,Page-633,kitchen blender with shield,3,2.5,1,3.5,3,3,3,1,4,3
614,Page-634,icecream machine style,2.5,2,3.5,3.5,3,3,2,4,4,3
615,Page-635,ultrasonic crockpot?,3,3,5,4.5,3,3,3,5,5,3
616,Page-636,component that froths milk beside coffee maker,1.5,1.5,2.5,3,2.5,2,2,3,3,3
617,Page-637,spring system,2.5,3,4,4.5,2,3,3,4,5,2
618,Page-638,soccer ball,2.5,2,4.5,4.5,1.5,3,2,5,5,2
619,Page-639,boat engine,1.5,1.5,5,4,1,2,2,5,4,1
620,Page-640,add high speed fan/ mixer to milk tank at the rate of the dairy farm,2,2,3.5,5,1,2,2,4,5,1
621,Page-641,washing machine style machine,2,1.5,4,4,1,2,2,4,4,1
622,Page-642,put milk in jar and shake vigorously,2,4,1.5,3,3,2,4,2,3,3
623,Page-643,milk in bowl and use electric hand mixer,1.5,2,1,4,3,2,2,1,4,3
624,Page-644,put milk on running car,2,1.5,5,3,1,2,2,5,3,1
625,Page-645,milk on loud speakers,2,1.5,5,4.5,1,2,2,5,5,1
626,Page-646,milk in machine that rapidly moves up and down,2.5,4.5,2,2.5,2,3,5,2,3,2
627,Page-647,heat up milk on stove,1,1,2,2,2,1,1,2,2,2
628,Page-648,throw can of milk down stairs,2.5,2,4,2,1,3,2,4,2,1
629,Page-649,put milk on spring and move up and down,2.5,2.5,3.5,3,1,3,3,4,3,1
630,Page-650,put milk in bouncing ball and bounce,3,2.5,5,3,1.5,3,3,5,3,2
631,Page-651,put milk in ball and play catch,3,2.5,4.5,2,1.5,3,3,5,2,2
632,Page-652,"put milk in container , hang to tree swing container",2.5,2,5,2.5,1.5,3,2,5,3,2
633,Page-653,blow into tube with milk inside,1.5,1.5,2,2,1,2,2,2,2,1
634,Page-654,pump air into closed container of milk,1.5,1.5,3,3,1.5,2,2,3,3,2
635,Page-655,put milk on merry-go-round and spin,3,2.5,5,2.5,1.5,3,3,5,3,2
636,Page-656,put milk on rope and spin rope,2.5,2,5,2,1,3,2,5,2,1
637,Page-657,put milk on spinning chair and spin,2.5,2,5,2,1,3,2,5,2,1
638,Page-658,"do some vigorous excercises with milk(i.e running, jumping jacks)",2.5,2.5,4.5,3,1,3,3,5,3,1
639,Page-659,milk is forced down long tube by compressed air gets agitated by hitting of banks and becomes frothy by time it reaches release point,1,1,3,2.5,2.5,1,1,3,3,3
640,Page-660,the milk is poured through the tap then shaken through blender like apparatus. Commpressed air is added to force the froth through nozzle and increase air bubbles in area.,3,2,3.5,4,2.5,3,2,4,4,3
641,Page-661,milk is poured into squared container and is rotated by rip cord like a lawn mower,2.5,2.5,4.5,3,2,3,3,5,3,2
642,Page-662,milk sits in middle tube while either blasts air alternating rapidly,2,2.5,3.5,2,2,2,3,4,2,2
643,Page-663,boil the water and let the hot air go into the milk,1.5,3.5,1,1.5,2.5,2,4,1,2,3
644,Page-664,shake the milk and use spoon remove the big bubbles on the top,1.5,4,1,3,3,2,4,1,3,3
645,Page-665,bicycle frother,2.5,1.5,5.5,3.5,1.5,3,2,6,4,2
646,Page-666,frother 3000-blender,3.5,3,2,5,2,4,3,2,5,2
647,Page-667,built in frother,2,1,3,3,3,2,1,3,3,3
648,Page-668,shake-weight frother,2.5,4,4,4.5,3,3,4,4,5,3
649,Page-669,jacoozi frother,2,1,5.5,3,1,2,1,6,3,1
650,Page-670,straw bubbler,1,1.5,2,2,2,1,2,2,2,2
651,Page-671,shaker,3.5,4.5,2.5,3.5,2.5,4,5,3,4,3
652,Page-672,froth slider express,1.5,1,6,4.5,1,2,1,6,5,1
653,Page-673,froth blender,4,3,1.5,5.5,3,4,3,2,6,3
654,Page-674,"similar to blender, but adds air through blades",1.5,2,2,2,2,2,2,2,2,2
655,Page-675,"air pumped into system, and stir with spoon",1,2,1.5,2,1,1,2,2,2,1
656,Page-676,machine that takes milk and pumps air into it,1.5,1.5,1,2.5,1.5,2,2,1,3,2
657,Page-677,vibrates vigorously,1.5,3.5,2,2,1.5,2,4,2,2,2
658,Page-678,mechanical arm throws container of milk through air,1,1.5,4.5,2.5,1,1,2,5,3,1
659,Page-679,an electric-toothbrush like apparatus but with plastic bristles instead of fiberous bristles for easy maintenance,2.5,2.5,4,4,3,3,3,4,4,3
660,Page-680,a cup with plastic bristles at the bottom that rotate when the switch is hit. The milk can be easily transported from container to coffee.,1.5,2.5,4,4.5,4,2,3,4,5,4
661,Page-681,"a small ball covered in bristles that you drop into the milk and shake to froth it( like making a protein shake) no batteries, easy maintenance",2.5,5,3,3,4,3,5,3,3,4
662,Page-682,a jug that can be shaken,1.5,4,1.5,2.5,3,2,4,2,3,3
663,Page-683,put it in a hockey puck and pass it around,2.5,2,5,1.5,2,3,2,5,2,2
664,Page-684,another blender,1.5,1.5,4,2.5,2.5,2,2,4,3,3
665,Page-685,use milk that froths easiy? Make the blender move as a washing machine? Oscillate directions? Nozzle on top to collect only foam,2,2.5,2,1.5,2.5,2,3,2,2,3
666,Page-686,use a contraption to shake the milk? While heating it up?,2.5,4.5,2,2.5,2.5,3,5,2,3,3
667,Page-687,trick a bunch of kids to play football with warm milk inside,2.5,2.5,4,1.5,1,3,3,4,2,1
668,Page-688,"boil the milk, place the nozzle at the top to collect the froth only",1,1,2,2,3,1,1,2,2,3
669,Page-689,ask a group of engineers to come up with ideas,1,1,3.5,1,1,1,1,4,1,1
670,Page-690,"container that spins with ridges, inside",2.5,4,3,3,3,3,4,3,3,3
671,Page-691,blender attachment,2.5,3.5,3,2,1,3,4,3,2,1
672,Page-692,air injector,1.5,2.5,1.5,2.5,1.5,2,3,2,3,2
673,Page-693,fan blade attachment,2,1.5,2.5,3,2.5,2,2,3,3,3
674,Page-694,froth milk maker that has fan to inject air into milk when being shaken by mixer,2.5,3,2.5,3.5,2.5,3,3,3,4,3
675,Page-695,idea one inside coffee maker,2.5,3.5,2.5,3.5,1,3,4,3,4,1
676,Page-696,blender base injects compressed air into milk,1.5,1.5,2,2,2.5,2,2,2,2,3
677,Page-697,shake weight forthy milk maker,3,4.5,4,3,2,3,5,4,3,2
678,Page-699,desktop manual milk frother,3.5,4.5,3,2,3.5,4,5,3,2,4
679,Page-700,device that shoots compressed air into milk,1,1,1.5,1.5,5,1,1,2,2,5
680,Page-701,shake container of milk to make bubbles,2,4.5,1.5,2.5,3.5,2,5,2,3,4
681,Page-702,device that rapidly moves back and froth,1.5,2.5,1.5,2.5,3.5,2,3,2,3,4
682,Page-703,device that shakes milk in all directions,3,4.5,1.5,3,2.5,3,5,2,3,3
683,Page-704,container that a person holds while they rapidly jump up and down,2,4,3,2,1.5,2,4,3,2,2
684,Page-705,pump system to create motion,2,5,1.5,3.5,4,2,5,2,4,4
685,Page-706,pressure air enters a container of milk to froth it,1.5,2,3.5,2.5,3,2,2,4,3,3
686,Page-707,"milk is pumped through a hose of decreasing radius to increase the pressure, then air is ran into the milk hose line before being dispensed",2,2,3.5,2.5,1.5,2,2,4,3,2
687,Page-708,milk is put into a high speed tumbler to vigorously move it,2.5,4,2.5,3,2,3,4,3,3,2
688,Page-709,milk is tumbled vigorously while pressurised air is added,3.5,4,3.5,3,1.5,4,4,4,3,2
689,Page-710,milk is vibrated then shot at high pressure into high pressure air when it falls it can be dispensed,3.5,3.5,3.5,3.5,2,4,4,4,4,2
690,Page-711,"milk is put in a centrifuge device, spun, when settles it can be dispensed",2,2,4.5,3,3,2,2,5,3,3
691,Page-712,pressurized milk is added to milk in blender to increase the reaction of milk/air,2.5,2.5,3.5,2,2.5,3,3,4,2,3
692,Page-713,a piston uses pressure to push milk through a strainer with tiny holes,2.5,3.5,2.5,3.5,3,3,4,3,4,3
693,Page-714,stir milk vigorously with spoon,1,2,1,3.5,4.5,1,2,1,4,5
694,Page-715,use beater to vigorously stir water,1.5,2,1,3.5,3,2,2,1,4,3
695,Page-716,keep milk in container that constantly stirs liquid( like lemonade container at panera),2,2,4,4,3.5,2,2,4,4,4
696,Page-717,keep milk on a hot stirring plate ( seen in chemistry kab),1,1,3,3.5,3,1,1,3,4,3
697,Page-718,"put milk inside shake-weights, so people can work out and froth milk simultaneously",3.5,5,3.5,4.5,3,4,5,4,5,3
698,Page-719,put milk in that thing that grinds up coffee beans,2.5,2.5,3,3,3.5,3,3,3,3,4
699,Page-720,"pour milk inside phone, set phone to vibrate",1,1,5,3,3,1,1,5,3,3
700,Page-721,have the milk chill in beehive and let the bees buzzing froth the milk,1.5,1,6,3.5,1,2,1,6,4,1
701,Page-722,"milk is poured in through the hole on top. Cap is placed over hole. Plastic ball is shaken and milk goes through holes, creating separation, hence small air bubbles. Then frothed milk is poured out",4.5,3.5,4.5,4,3.5,5,4,5,4,4
702,Page-723,Milk is poured in throught the top and goes through wires with infintismal sized holes that create separation of milk and frothed milk comes out of bottom,2,1.5,4.5,4,4,2,2,5,4,4
703,Page-724,"hire bobbly flay to cut through milk all day. With how fast he can cut, the milk would become frothed in no time ",1,1,6,2.5,1,1,1,6,3,1
704,Page-725,"milk is poured in bottom of shoe, go while working and walking around. Milk is being frothed on bottom part of shoe. Bottom os shoe is detachable in which more milk can be frothed",2,2,5,3,1,2,2,5,3,1
705,Page-726,"you turn the large gear which makes the small gear rotate fast which makes its arm gear go back and forth fast, thus agitating the milk at rapid pace and frothing it",3,3.5,3,3.5,2,3,4,3,4,2
706,Page-727,the conveyor belt picks up milk on one side and then drops it from a large height on the others thus agitating it and frothing it,5,3,5.5,4,3,5,3,6,4,3
707,Page-728,works like a piston. When you turn the wheel with the shaft it causes the extended arm to slap the milk and agitate it. The faster you turn it the faster it froths,3,3.5,2.5,3.5,2,3,4,3,4,2
708,Page-729,"works like a drying machine but instead of tumbling clothes, it tumbles milk and froths it",4.5,3.5,4,3.5,3,5,4,4,4,3
709,Page-730,"like the chocolate river in charlie in the chocolate factory but with milk, when It goes over the edge it automatically froths",2,2,6,3,3.5,2,2,6,3,4
710,Page-731,continually push down manually on a container being heated to produce the froth and pour out of the top,3,5,1.5,4.5,4,3,5,2,5,4
711,Page-732,enclosed container in which the milk is being frothed by heaters. Consumer presses button to activate,3,3.5,2,4,2.5,3,4,2,4,3
712,Page-733,pass milk in the back and it is heated and moved up and down until dispensed,2.5,3.5,2,4.5,3.5,3,4,2,5,4
713,Page-734,in a small pen-like container the milk is heated then it is dispensed through the tip allowing for creative decision,2,3.5,4,4,5,2,4,4,4,5
714,Page-735,app that consumers connect to the device and by playing the game activate the frother,1.5,1.5,4,2,2,2,2,4,2,2
715,Page-736,simple bottle like design where the consumer shakes to froth the insulated container then pour,1,4,1,4,2,1,4,1,4,2
716,Page-737,froth is created in the pen-like capsule by repeatedly clicking on the top then holding to release,2.5,1.5,3.5,3.5,2.5,3,2,4,4,3
717,Page-738,"place milk in a giant ball like container and throw it until milk is frothed, then use spigot to release",2,2,4.5,2.5,1.5,2,2,5,3,2
718,Page-739,mixers inside to quickly stir the milk,2,2.5,1.5,2.5,2,2,3,2,3,2
719,Page-740,in one side you mix the milk while the water boils on the other side also warming the milk,1.5,3,3,2,2,2,3,3,2,2
720,Page-741,you put milk in it and it spins it fast and warms it up,1.5,2,2.5,4.5,1,2,2,3,5,1
721,Page-742,put milk in a mug put a lid on it spin it then take off the lid and add your water,1.5,2.5,2,4,2.5,2,3,2,4,3
722,Page-743,put milk in device it shakes it up and down,1.5,4,1.5,2.5,2,2,4,2,3,2
723,Page-744,machine shakes up normal milk into froth milk,2,3.5,2,3,3.5,2,4,2,3,4
724,Page-745,machine uses air tube to incorporate air bubbles,2,2,2,2.5,2,2,2,2,3,2
725,Page-746,make frothed milk while riding your bike,2,2,4.5,3,1.5,2,2,5,3,2
726,Page-747,machine with spinning action to make frothed milk,1.5,3,1,3.5,3.5,2,3,1,4,4
727,Page-748,alarm clock that vibrates to froth milk and wake you up,2,2,5,3,1.5,2,2,5,3,2
728,Page-749,shake weight-esque device that froths milk as you exercise,2.5,4,4.5,3.5,2,3,4,5,4,2
729,Page-750,devices use steam from coffee pot to power electronic frother,2,2,2.5,2,1.5,2,2,3,2,2
730,Page-751,app that controls everything about frother. Features include tuned frothing effect,1.5,1.5,2.5,1.5,2,2,2,3,2,2
731,Page-752,drone flies milk to newest earthquake puts in on ground to froth and then returns it,1,1,6,1.5,1,1,1,6,2,1
732,Page-753,pump air bubbles into milk to froth,1,1.5,1.5,1.5,1.5,1,2,2,2,2
733,Page-754,use the machine to put the air through the tube into the container with milk,1.5,1.5,2,2.5,2.5,2,2,2,3,3
734,Page-755,use machine to put the air through tube and go into container with milk at bottom,2,1.5,2.5,4.5,3.5,2,2,3,5,4
735,Page-756,put the tube into milk and start machine,1,1.5,1.5,2.5,1.5,1,2,2,3,2
736,Page-757,use bluetooth or wifi to control machine,1,1,2,2,2,1,1,2,2,2
737,Page-758,put air into milk by yourself,1.5,1.5,1.5,3,1,2,2,2,3,1
738,Page-759,metal coil spun by battery powered motor. Button on side to turn on and off,1.5,5.5,1,6,4.5,2,6,1,6,5
739,Page-760,lever operated spinnnig coil( like hand powered egg beater),2,4,2.5,4,3,2,4,3,4,3
740,Page-761,"hand powered, pumping action froths milk",2,5,1.5,5,4,2,5,2,5,4
741,Page-762,electric powered mixer with 3 different sized metal coils,4,6,3,5,4,4,6,3,5,4
742,Page-763,"electically powered shaker, shakes up and down with metal mesh inserts in cup",4.5,6,4.5,3.5,3.5,5,6,5,4,4
743,Page-764,mixer with two opposite rotating coils -> electrically powered,4,5.5,3.5,3.5,3,4,6,4,4,3
744,Page-765,thrower milk metal container cliff retriever,2,1.5,5,3.5,1,2,2,5,4,1
745,Page-766,hammer bell milk canister,3,2,6,4.5,1.5,3,2,6,5,2
746,Page-767,vigorously moves the milk using an air steam,1.5,2,1.5,3.5,2,2,2,2,4,2
747,Page-768,propeller tank,1,2.5,2,3,1,1,3,2,3,1
748,Page-769,milk waterfall,2.5,1.5,5.5,2.5,1.5,3,2,6,3,2
749,Page-770,milk waterfall tank,3,3,4.5,4.5,2,3,3,5,5,2
750,Page-771,milk shaker,3.5,4.5,2.5,5,2.5,4,5,3,5,3
751,Page-772,shake-able container with graits in middle,5,5.5,3.5,5,4,5,6,4,5,4
752,Page-773,foot pump to swish milk around,2,2,3.5,4.5,1,2,2,4,5,1
753,Page-774,vibrating motor below container of milk,1,1.5,2,3,1.5,1,2,2,3,2
754,Page-775,hand air pump to incorporate air bubbles and motion,1.5,1.5,2.5,2.5,1,2,2,3,3,1
755,Page-776,stirring milk so it will be foamy ,1.5,2.5,1.5,4.5,2.5,2,3,2,5,3
756,Page-777,spinning motor switching direction every 2 spins,2,3.5,2.5,3,2,2,4,3,3,2
757,Page-778,carbonated milk,2.5,1.5,3.5,4,3,3,2,4,4,3
758,Page-779,2 motors pushing/pulling milk through a filtered screen,3.5,5,3,3.5,3.5,4,5,3,4,4
759,Page-780,roll it down a hill,2,1.5,5,2.5,1,2,2,5,3,1
760,Page-781,powerdrill like spinner,2,2,4,3.5,1,2,2,4,4,1
761,Page-782,car wheel mounted milk spinner,2,2.5,5.5,3,1,2,3,6,3,1
762,Page-783,egg beater style milk spinner,1.5,2,3.5,3,1,2,2,4,3,1
763,Page-784,football with interior milk spinner,2.5,2,4,2,1.5,3,2,4,2,2
764,Page-785,bicylce powered milk spinner,2.5,2.5,5,2.5,1,3,3,5,3,1
765,Page-786,bike pump air injector,1,1.5,2.5,3.5,1,1,2,3,4,1
766,Page-787,holey frother arms for beater,4.5,5,3,3.5,3.5,5,5,3,4,4
767,Page-788,milk reservoir inside shake weight,3,4,4,3.5,2.5,3,4,4,4,3
768,Page-789,milk container on speedy frequency speaker,2,1.5,5,2.5,1,2,2,5,3,1
769,Page-790,small beater with fitted lid to allow for faster beating,2.5,2.5,2.5,3,2.5,3,3,3,3,3
770,Page-791,platform that shakes itself vigorously with container of milk,1.5,2,1.5,3,1.5,2,2,2,3,2
771,Page-792,reverse vacuum with straw to inject air into milk,1.5,1.5,1.5,3,2,2,2,2,3,2
772,Page-793,weighted ropes on spinning surface(beater-egg),3,2.5,3,2.5,2.5,3,3,3,3,3
773,Page-794,vibrating container with interior gyroscope,1,2,2,3,4,1,2,2,3,4
774,Page-795,mechanical grip attaches to table and shakes container vigorously,3,4,3,2,2,3,4,3,2,2
775,Page-796,grips milk and spins in circle very quickly,2,3.5,2.5,3.5,1.5,2,4,3,4,2
776,Page-797,hand crank with series of gears to greatly increase speed of rotation from input to output,3,4,3,3.5,2.5,3,4,3,4,3
777,Page-798,"inject compressed air into closed container, then vent air",1,1.5,2.5,3,2,1,2,3,3,2
778,Page-799,cart that take milk around many hairpin turns,1,1,6,1.5,1,1,1,6,2,1
779,Page-800,vibrating wand,2,2.5,2.5,4.5,4.5,2,3,3,5,5
780,Page-801,"at home, countertop frother",4,3,3.5,5,3.5,4,3,4,5,4
781,Page-802,air frother that plugs in and is self heating,3,3,3.5,5,3.5,3,3,4,5,4
782,Page-803,large-scale use: starbucks,5,4.5,4.5,5,4.5,5,5,5,5,5
783,Page-804,whisk to be more efficient,3,4,2.5,6,4.5,3,4,3,6,5
784,Page-805,whisk + hot air with chord,3.5,4.5,4.5,5,4.5,4,5,5,5,5
785,Page-806,dual-wand frother,4.5,3,5,6,4,5,3,5,6,4
786,Page-807,earthquake mimick: violently shakes,2.5,3,3,5,3.5,3,3,3,5,4
787,Page-808,milk injector,2.5,2.5,3,5.5,4,3,3,3,6,4
788,Page-809,strong press with air on the milk,1.5,1.5,2,3,2,2,2,2,3,2
789,Page-810,isolated heating box with air pressure,2,3.5,2,2,2.5,2,4,2,2,3
790,Page-811,beating the milk,2,2.5,1.5,2.5,3.5,2,3,2,3,4
791,Page-812,shaken not stirred method,2.5,5,1.5,2.5,2.5,3,5,2,3,3
792,Page-813,compressing,1,1.5,2.5,3.5,2.5,1,2,3,4,3
793,Page-814,milk is shaken in a circular motion while it is rocked back and forth also,3.5,4,3.5,4,2,4,4,4,4,2
794,Page-815,"manually operated, simple to use. Operating arm will compress milk and the relax constantly to violently froth milk",3,5,2,3.5,4,3,5,2,4,4
795,Page-816,paddles move back and forth rhythmically to create waves that will continually get faster,4,4.5,4.5,3,3,4,5,5,3,3
796,Page-817,a mini portable blender that you pour milk into,3,3.5,2.5,4.5,4.5,3,4,3,5,5
797,Page-818,a miniature mixer that fits into a milk container,3,4,2,4,3.5,3,4,2,4,4
798,Page-819,like a f'real machine,3,4,3,3,3,3,4,3,3,3
799,Page-820,put milk and whatever drink you want with it. It will create frothed milk while heating it up and distributing the frothed milk throughout the drive so its not just on top,2,3,3.5,3,3,2,3,4,3,3
800,Page-821,a motor stirs the milk while a pump pushes small bubbles into milk,2.5,3.5,2.5,3.5,2.5,3,4,3,4,3
801,Page-822,air is pushed through the bottom of specialised cup,1.5,1.5,3,2.5,4,2,2,3,3,4
802,Page-823,"milk is poured into machine, frothed, then poured out",1,1,2.5,2,3,1,1,3,2,3
803,Page-824,fan inside bottle creates small air bubbles in milk,2.5,2.5,2,3,3.5,3,3,2,3,4
804,Page-825,when milk is mixed creates air bubbles,2,2.5,1.5,3,2,2,3,2,3,2
805,Page-826,hand mixer press button and start stirring the milk,2.5,4,2.5,5.5,3,3,4,3,6,3
806,Page-827,"small holes where air is released to create froth/bubble, mixer, palce cup",4,3,4,5,2.5,4,3,4,5,3
807,Page-828,"blows air in the milk to create bubbles ,multitasking mixer, press the button, for mixer, for the air blower",3,3.5,3.5,5.5,2,3,4,4,6,2
808,Page-829,"rotating mixer, air gets compressed, small hole, rotates while air is blown into the milk",4.5,4,4.5,5,2.5,5,4,5,5,3
809,Page-830,constant motion of plunging/pressing the spring in a downward motion inside the cup to create froth in the milk,2.5,2.5,4,5,2.5,3,3,4,5,3
810,Page-831,"pour all the milk in here, put the switch on for the mixer to start, open the tube so the frothed milk can drop in the cup below, cup stand",2.5,3,3,5,2,3,3,3,5,2
811,Page-832,"detachable tube to drop the frothed milk to smaller cups, turn the switch on, blades start to rotate and create bubbles in the milk",3,3,4,5,4,3,3,4,5,4
812,Page-833,something that spins then milk and that adds air to the milk,1.5,2.5,1.5,2.5,2,2,3,2,3,2
813,Page-834,heats up the milk and oxygen is added,1,1,1,2,2.5,1,1,1,2,3
814,Page-835,unit-gravity container that is shaken really fast,2,3.5,2,2.5,2,2,4,2,3,2
815,Page-836,a device that changes the direction and magnitude as the pressure to move the milk,2.5,2.5,2.5,4,2.5,3,3,3,4,3
816,Page-837,a shaker that add air as it shakes,3,5,1.5,3,3.5,3,5,2,3,4
817,Page-838,"by rotating the arm back and forth, you can froth the milk",2,2.5,3.5,3,2.5,2,3,4,3,3
818,Page-839,"by pushing the plug inside multiple times, you can froth the milk",1.5,5,1.5,3.5,3.5,2,5,2,4,4
819,Page-840,by rotating the arm clockwise or counter clockwise you can froth the milk,2.5,3,2,3,3,3,3,2,3,3
820,Page-841,in a box we with create a bridge between the location of milk and air under high pressure. Having final product of froth milk,2.5,2.5,3,3.5,3,3,3,3,4,3
821,Page-842,cup that has air under high pressure system that is activated with the pressure of a liquid just as when you are serving the milk,3,2,3,3,5,3,2,3,3,5
822,Page-843,similar to that of a coffee cylinder except that blade is replaced with a frothing device and the cup is removable,3.5,3.5,3.5,3,5,4,4,4,3,5
823,Page-844,froths via vibrating rapidly,1.5,1.5,1.5,2.5,2,2,2,2,3,2
824,Page-845,works similar to a mixer,2.5,3.5,2,3.5,3.5,3,4,2,4,4
825,Page-846,this will make it easy to make coffee and easily apply frothed milk or simply froth your milk,1,1.5,2.5,2.5,2.5,1,2,3,3,3
826,Page-847,to easily be able to froth milk no need of blower,3,3.5,3.5,1.5,3,3,4,4,2,3
827,Page-848,insert hot milk and shake in frenal components will froth it,2,4,1.5,3,3,2,4,2,3,3
828,Page-849,insert into cup of hot milk and crank to froth,3,3.5,3,2.5,2.5,3,4,3,3,3
829,Page-850,small mixer for the milk with built in lid for no spray,3.5,3,2.5,3.5,4,4,3,3,4,4
830,Page-851,hand powered mixer,3,2.5,2,3.5,3,3,3,2,4,3
831,Page-852,pushes milk through screens (hand powered),3,5,2,3.5,4,3,5,2,4,4
832,Page-853,battery powered whisk that agitates milk,3,6,2,4,4,3,6,2,4,4
833,Page-854,violently shakes milk (like earthquake simulator),3,4,2,3,2,3,4,2,3,2
834,Page-855,shake ball (man powered),2.5,4,2.5,3.5,2,3,4,3,4,2
835,Page-856,shaker cup,2.5,4,1.5,3.5,2,3,4,2,4,2
836,Page-857,small blender of milk,2.5,2.5,2,2.5,3.5,3,3,2,3,4
837,Page-858,blows air into milk to stir,2.5,2.5,1.5,3,3.5,3,3,2,3,4
838,Page-859,spin screens to mix milk,5.5,5,5,4.5,4.5,6,5,5,5,5
839,Page-860,air compressor constantly blowing bubbles into the milk,1,1.5,2,2.5,1.5,1,2,2,3,2
840,Page-861,hand cranked paddles mix up the milk,4,4.5,3.5,3,3,4,5,4,3,3
841,Page-862,shake the milk,1.5,4,1.5,2,1.5,2,4,2,2,2
842,Page-863,blender,2.5,2.5,1.5,4,3,3,3,2,4,3
843,Page-864,vibrating coaster,1.5,2,1.5,3,2.5,2,2,2,3,3
844,Page-865,bribe friend for ideas,1,1,1,1.5,1,1,1,1,2,1
845,Page-866,straw that you blow into and froth milk,1.5,1.5,2.5,2,3,2,2,3,2,3
846,Page-867,you increase the speed and it froths it to different desires,3.5,3.5,2,3,3.5,4,4,2,3,4
847,Page-868,pour milk in one end and is frothed in the other,1,1,1,1.5,2.5,1,1,1,2,3
848,Page-869,thermos with a froth setting ,2.5,2.5,3.5,3,4.5,3,3,4,3,5
849,Page-870,rotates inside the milk,3,3,1.5,4,4,3,3,2,4,4
850,Page-871,webbed groves that rotate/heat water nad move back and forth,3,4.5,2.5,3,3,3,5,3,3,3
851,Page-872,buoy the vibrates in milk,2,2,3,2.5,4.5,2,2,3,3,5
852,Page-873,torpedo-like machine that spins really quickly around the edge of milk,4.5,3,5,3,3.5,5,3,5,3,4
853,Page-874,plum bob that goes back and forth real quickly,1.5,2,3.5,3.5,2.5,2,2,4,4,3
854,Page-875,"bicycle pump that send high pressure air into hot milk, frothing successfully and effectively",1.5,1.5,3.5,3,1,2,2,4,3,1
855,Page-876,vibrating buoy that traps air under surface and beats it into hot milk frothing successfully and efficiently,4.5,2.5,4.5,4,5,5,3,5,4,5
856,Page-877,container with frappers that push air into hot milk frothing successfully,2.5,1.5,3,3.5,3.5,3,2,3,4,4
857,Page-878,"highly pressurised pen with revolving end which enters milk and spins when wire is released, successfully frothing",2,6,1.5,2.5,4.5,2,6,2,3,5
858,Page-879,"dry ice cube, when added to hot milk will sublimate at extreme speed, frothing milk, hot cooling if slightly",3,1.5,6,2,5.5,3,2,6,2,6
859,Page-880,place special cup into frame. Motor spins the cup at high speed and milk froths due to rugged inside,3,4.5,2,2.5,3,3,5,2,3,3
860,Page-881,pump the handle to spin the gears on inside to spin blender-like piece in bottom of container,3,4,3,2.5,2.5,3,4,3,3,3
861,Page-882,cup attached to motor spins at high speeds,2.5,2.5,3,3,2,3,3,3,3,2
862,Page-883,motorized french press,4.5,5.5,4,3,4,5,6,4,3,4
863,Page-884,one side pushes at a time,2.5,5,2.5,3,2,3,5,3,3,2
864,Page-885,whisks/whips milk to provide air bubbles,2.5,3,1.5,3,3.5,3,3,2,3,4
865,Page-886,milk is shaken very fast for sufficient air,2,4,1.5,3,2,2,4,2,3,2
866,Page-887,high power fan is aimed at confined milk chamber,1.5,2,2,3,1.5,2,2,2,3,2
867,Page-888,milk is spun very fast,1.5,2.5,2,3,2.5,2,3,2,3,3
868,Page-889,milk is push on by something many times and very fast,2.5,3.5,1.5,3.5,3,3,4,2,4,3
869,Page-890,"milk is mixed at high speeds by a large fan inside, like a mill almost",3,3.5,2,3.5,3,3,4,2,4,3
870,Page-891,milk is rotated around a donut shaped path at high speeds,1.5,3.5,2,4,2,2,4,2,4,2
871,Page-892,double beaters whip milk( like hand mixer),2.5,3,1.5,3,3,3,3,2,3,3
872,Page-893,cylindrical chamber that spins while also moving up and down at high speeds,2.5,3.5,2.5,4,2,3,4,3,4,2
873,Page-894,bowl with electronic beater/whisk,2,3,1.5,2.5,3,2,3,2,3,3
874,Page-895,bottle with mixing mechanism-shake the bottle to shake milk,3.5,5,3,3.5,4,4,5,3,4,4
875,Page-896,container on an automated pendulum type thing that shakes milk back nad forth,2.5,2,3,2.5,3,3,2,3,3,3
876,Page-897,use crank to turn the mixer -> similar to a food processor,3,2.5,3.5,3.5,3.5,3,3,4,4,4
877,Page-898,cup of milk goes up into an automated mixer (automated milkshake mixer),3,2,3.5,3,4,3,2,4,3,4
878,Page-899,make a mini tornado of air to mix the milk,1.5,1,5,2.5,2,2,1,5,3,2
879,Page-900,sealed container with a hose that constantly blows highspeed air into it,2,2.5,2,2,2.5,2,3,2,2,3
880,Page-901,a container that spins the container of milk,1.5,2,1.5,2,1.5,2,2,2,2,2
881,Page-902,like an automatic mixer,1.5,4,1,5,5,2,4,1,5,5
882,Page-903,provides air into the milk(fast),1,2,3,3.5,2,1,2,3,4,2
883,Page-904,the bottom part spins to froth the milk,2,2,3.5,3,2.5,2,2,4,3,3
884,Page-905,air bubbles come out of the bottom part,1.5,2,2.5,3.5,2.5,2,2,3,4,3
885,Page-906,spins to obtain frothed milk,3,2,3,3.5,3,3,2,3,4,3
886,Page-907,pump the milk the inside will spin fast ,2,4,4,5,3.5,2,4,4,5,4
887,Page-908,the ball shakes really fast to froth the milk,6,5,6,4.5,6,6,5,6,5,6
888,Page-909,mixer cup,4.5,4,5,4.5,4.5,5,4,5,5,5
889,Page-910,vibrating straw ,2,3,5,4.5,6,2,3,5,5,6
890,Page-911,shaker,2.5,4,1.5,3.5,2,3,4,2,4,2
891,Page-912,uses hot steam under pressure to heat and froth milk,3,5.5,2,2,4,3,6,2,2,4
892,Page-913,uses hot air to heat milk in liquid cup without splattering,2,3.5,3,1.5,3,2,4,3,2,3
893,Page-914,like a blender with hot blades to put air bubbles,2.5,3,3.5,1.5,3,3,3,4,2,3
894,Page-915,as the milk is heated user shakes cup to put air bubbles in the milk,2.5,4,3,2.5,3,3,4,3,3,3
895,Page-916,put milk in top and just wait for machine to froth so the milk is ready whenever you need it,1,1.5,2,1.5,3.5,1,2,2,2,4
896,Page-917,push air through a thin net and have small box shake inside larger box,2,3.5,3.5,2.5,2.5,2,4,4,3,3
897,Page-918,push air into cup with milk to create froth,1.5,2.5,1.5,3,3,2,3,2,3,3
898,Page-919,push milk and air through small net(filter) and have froth come out,1,3,2,3,3,1,3,2,3,3
899,Page-920,use a mixer style device to quickly mix the milk,2.5,3,2,3.5,4,3,3,2,4,4
900,Page-921,shake a wire ball in the cup to mix faster,5,5.5,4,5,4.5,5,6,4,5,5
901,Page-922,snap a bottle to a track so that quickly moves up and down,2.5,4.5,4,3.5,3,3,5,4,4,3
902,Page-923,pressurize bottles with milk inside and swirl to create a mini tornado that will go into bottom bottle,2,2.5,3.5,3.5,3,2,3,4,4,3
903,Page-924,using inertia to mix like the amusement park ride(the scrambler),2,3,5,3.5,1.5,2,3,5,4,2
904,Page-925,"boil water and evaporate it into another container-once it become pressurised, it will shoot bursts of air into milk",2,3.5,1.5,4,3,2,4,2,4,3
905,Page-926,squeeze a bag to shoot air into the milk in quick bursts,1,2.5,2.5,3.5,2.5,1,3,3,4,3
906,Page-927,pour milk in and then push the handle up and down really fast to froth the milk,3,5,1.5,3,4,3,5,2,3,4
907,Page-928,"pour milk in bowl,turn on and an egg-beater like extension turns on",2.5,3,1.5,2.5,3,3,3,2,3,3
908,Page-929,pour milk in container with stirring ball. Shake rapidly till milk is frothy,4,5,3.5,4,4,4,5,4,4,4
909,Page-930,put milk in container then container in machine. Machine will rapidly shake container like a paint mixer,2.5,4.5,2,3.5,2,3,5,2,4,2
910,Page-931,put multiple containers of milk in a special rooom that stimulates earthquake to vigorously shake milk containers,2,1.5,5,2.5,1.5,2,2,5,3,2
911,Page-932,drop milk from a plane in a turbulent area with a giant catch basin below,1,1,6,2,1,1,1,6,2,1
912,Page-933,launch milk out of a submarine in a cruise missile,1,1,6,2,1,1,1,6,2,1
913,Page-934,battery powered transducer milk frother,3.5,3,3.5,4.5,3.5,4,3,4,5,4
914,Page-935,swirly frother,2.75,2.5,3,3.5,2.5,3,3,3,4,3
915,Page-936,solar powered frother,3,1.5,5,2,3,3,2,5,2,3
916,Page-937,blender equipped with heat and air,4.5,4,4.5,2,4,5,4,5,2,4
917,Page-938,crockpot style icecream maker with screening,2.25,2,4,1,2.5,2,2,4,1,3
918,Page-939,individual container frother machine,2,2,3,1.5,4,2,2,3,2,4
919,Page-940,cow froth inator,3.5,3,6,3.5,2,4,3,6,4,2
920,Page-941,vessel froth inator,2.5,3,4.5,2.5,2,3,3,5,3,2
921,Page-942,lid froth inator,2.5,2.5,5,3,5,3,3,5,3,5
922,Page-943,cup froth inator,3,2,5.5,2,4.5,3,2,6,2,5
923,Page-945,microwave safe cocktail shaker,2.75,4.5,2,3,3.5,3,5,2,3,4
924,Page-946,blender / mixer using motor heat,2.5,3.5,2,3.5,4.5,3,4,2,4,5
925,Page-947,,3,3.5,2.5,1.5,2.5,3,4,3,2,3
926,Page-948,small motor to create bubbles,4,4.5,4.5,2.5,2.5,4,5,5,3,3
927,Page-949,frother with heating element,3.5,5.5,2,3,5,4,6,2,3,5
928,Page-950,firesafe butter churn,3.5,4.75,3,2.5,2.5,4,5,3,3,3
929,Page-951,induction heat and spring magnet,2,1.5,2.5,3,3,2,2,3,3,3
930,Page-952,milk fountain,2,1,4.5,2,1.5,2,1,5,2,2
931,Page-953,compressed air system (like seltzer maker),4,3.5,5.5,4.5,2.5,4,4,6,5,3
932,Page-954,pressure steamed milk,3,5.5,3.5,2.5,4,3,6,4,3,4
933,Page-955,pressure cooker milk frother,1.75,2,2.5,2,3,2,2,3,2,3
934,Page-956,heated coil milk frother,2,2.5,2,1.5,3,2,3,2,2,3
935,Page-957,hand held pressure cooker,1.5,1.5,3,1.5,1.5,2,2,3,2,2
936,Page-958,plastic container with coil inside holds warmed milk can be microwaved,3.75,5,2.5,2.5,3,4,5,3,3,3
937,Page-959,single beater in bowl warm milk,2,4,1,1.5,5,2,4,1,2,5
938,Page-960,sonic vibrations create warm froth,2.5,2.5,2,2,2.5,3,3,2,2,3
939,Page-961,using infrared pointer to heat milk molecular and create vibration to create froth. Phone activate device app,2,1,5,1,3,2,1,5,1,3
940,Page-962,"large container for milk with air tube programmed for auto release, sits on top of ""heater"" for consistent heat level",3,3,4,2,3.5,3,3,4,2,4
941,Page-963,microwavable milk frother with individual settings,2.5,2,3.5,2,2,3,2,4,2,2
942,Page-965,stove top frother,3,4,1.5,2,3,3,4,2,2,3
943,Page-966,portable frother,2,4.5,1,1.5,3.5,2,5,1,2,4
944,Page-967,easy froth,3,3,3.5,3,5,3,3,4,3,5
945,Page-968,frothinator for parties,2.75,3,3,2.5,5,3,3,3,3,5
946,Page-969,froth attachment,5.5,5.5,5.5,2.5,3.5,6,6,6,3,4
947,Page-970,heated froth beaters,4.5,5,3,3,4.5,5,5,3,3,5
948,Page-976,CO2 and temperature and vibration tube,3.5,3.5,5,2,2.5,4,4,5,2,3
949,Page-977,heat anf shaker unit,4,4,5.5,2.5,5,4,4,6,3,5
950,Page-978,milk frothing unit,5.5,5,5.5,3,5,6,5,6,3,5
951,Page-980,shake it hot,2.5,3,1.5,1.5,2.5,3,3,2,2,3
952,Page-981,getting some sun,1,1.5,1,1,2,1,2,1,1,2
953,Page-982,"heat, shake, pour",3,4.5,1.5,3,3,3,5,2,3,3
954,Page-983,"stove, straw, bubbles, pour",2.5,2.5,3,2.5,1.5,3,3,3,3,2
955,Page-984,multiple point heated vibration chamber,4.5,5,5,4,1.5,5,5,5,4,2
956,Page-985,bike based milk frother with heat control,3.5,3,5,2.5,2.5,4,3,5,3,3
957,Page-986,vibration frequency emulsifier (radio waves or something),3,2.5,4.5,2.5,3,3,3,5,3,3
958,Page-987,rapid oxygenation milk cycler,3,3,5,2.5,3.5,3,3,5,3,4
959,Page-988,milk blenderÂ?,1.5,2,1.5,1.5,3.5,2,2,2,2,4
960,Page-989,rapid air infusion via vaccum,3,3.25,4,2,4,3,3,4,2,4
961,Page-990,robot-barista,4.5,4.5,5.5,2.5,4,5,5,6,3,4
962,Page-991,milk vaper,2,1.5,4.5,2.5,4.5,2,2,5,3,5
963,Page-992,blender with heated blades,3,4,2,2.5,4,3,4,2,3,4
964,Page-993,heated sphere that shaken vigorously,3.75,4,4,2.5,3.5,4,4,4,3,4
965,Page-994,"milk heated in small vat, then forcibly injeccted with air",5,5,4.5,4.5,3.25,5,5,5,5,3
966,Page-995,heated air is forcibly injected into the milk,3,4,2,1.5,1.5,3,4,2,2,2
967,Page-996,all at once,3.5,4,2.5,2.5,2.5,4,4,3,3,3
968,Page-997,inversed heated,3.5,4,2,2.5,3,4,4,2,3,3
969,Page-998,delivery and heating system,3.5,4.5,2.5,2.5,2,4,5,3,3,2
970,Page-999,ultrasonic air inducer,3.5,4,5.5,1.5,2,4,4,6,2,2
971,Page-1000,heater and air injector in tap,3,3.5,3,3.5,3.5,3,4,3,4,4
972,Page-1003,air injection with heater,2.75,3,2.5,3.5,3.5,3,3,3,4,4
973,Page-1004,use induction heating wisk,4.5,5,5,3,3,5,5,5,3,3
974,Page-1005,"microwave shaped, self cleaning, automatic positioning milk forther (steam)",4.5,5,4,2,2.5,5,5,4,2,3
975,Page-1006,"heat exchanger, bottom  half filled with water, agitated using steam power",2.5,2,5,2.5,3,3,2,5,3,3
976,Page-1007,"cocntrolled microwave, focused to froth milk with sensors to prevent over heating",2.5,2.5,3,1,3,3,3,3,1,3
977,Page-1008,air pedal heat,2,2,2,2.5,3.5,2,2,2,3,4
978,Page-1009,heated mixing head for mixer,4,4.5,3,2.5,5,4,5,3,3,5
979,Page-1010,rotating hot plate,2.5,3,2.5,2.5,3,3,3,3,3,3
980,Page-1011,heated piping,2.5,2,3.5,2.5,2,3,2,4,3,2
981,Page-1013,cow shaker heater machine,2.5,1.5,5.5,2.5,1.5,3,2,6,3,2
982,Page-1014,manual milk forther,3,3.75,2,3.5,3,3,4,2,4,3
983,Page-1016,heated air gate forced through small holes in nozzle,4,5,2,3.5,4.5,4,5,2,4,5
984,Page-1017,milk is heated while piston forces air into milk,4,4.5,3,4.5,3.5,4,5,3,5,4
985,Page-1018,extremely hot cup. Pour milk in. done,1.5,1.5,1.5,1,4.5,2,2,2,1,5
986,Page-1019,force whipper pressure driven milk heater,4,3.5,3.5,1.5,2.5,4,4,4,2,3
987,Page-1020,rotary whip heated wand,3.5,5,3,3.5,5,4,5,3,4,5
988,Page-1021,manual whip with external heat source,3.5,4.5,3,2.5,2.5,4,5,3,3,3
989,Page-1023,whisk and squirt gun,2.5,3,3.5,2,3.5,3,3,4,2,4
990,Page-1024,spinning stove burner,2.5,2,2.5,3,4,3,2,3,3,4
991,Page-1025,microwave and jar,2.5,4.5,1,4,3,3,5,1,4,3
992,Page-1027,"plug in milk frother, heat and bubble come from bottom",2.5,2.5,3.5,2,4.5,3,3,4,2,5
993,Page-1028,pan of milk with intensified sun for heat and people blowing through straws,2.5,1.5,5,2.5,2,3,2,5,3,2
994,Page-1029,car exhaust is used for heat and bubble force,4,3,6,3,2.5,4,3,6,3,3
995,Page-1030,hot tub with jets that can add the bubbles while the milk gets warm,4,3,6,3.5,3,4,3,6,4,3
996,Page-1031,use the furnace when heating the house to warm the milk and add air from the vents,3.5,3,5.5,2,2,4,3,6,2,2
997,Page-1032,solar panel flow through and bubble containers,3.5,3,5,2.5,4,4,3,5,3,4
998,Page-1033,,3.75,5.5,2.5,3,4,4,6,3,3,4
999,Page-1034,,3,3,5.5,1.5,3,3,3,6,2,3
1000,Page-1035,,3,4,2.5,2.5,3,3,4,3,3,3
1001,Page-1036,,2.5,2,3,2.5,2.5,3,2,3,3,3
1002,Page-1037,,2,2.5,2.5,1.5,2,2,3,3,2,2
1003,Page-1038,,3,3,4.5,2,3.5,3,3,5,2,4
1004,Page-1039,,4.5,4.25,2.5,2,2.5,5,4,3,2,3
1005,Page-1040,,3,2.5,5,2,3.5,3,3,5,2,4
1006,Page-1041,steam machine,3.5,3.5,4,3,2.5,4,4,4,3,3
1007,Page-1042,hand-held squeezer,2,2,4,2.5,2.5,2,2,4,3,3
1008,Page-1043,stove top,3,3.5,3,2.5,4,3,4,3,3,4
1009,Page-1044,,3,3.5,2.25,2,3,3,4,2,2,3
1010,Page-1045,,2,2.5,2,1.5,4,2,3,2,2,4
1011,Page-1047,"ceramic heated ccacse that vibrates quickly using motor. Counter, mixer and weight",3.5,3.5,4.5,2.5,3.5,4,4,5,3,4
1012,Page-1048,pogo froth gravity or friction heater,5,5,5.5,3.5,3,5,5,6,4,3
1013,Page-1049,place milk in a container. Have a compressor with a tube with small holes going into the milk. Add in air and move the milk in a vigorous motion.,4,4.5,2,3,3,4,5,2,3,3
1014,Page-1050,"milk is moved from a tube to a heater. After heated, dropped from a tube to a container for the motion and adding air to ther final holding tube.",3.25,3,4.5,4,2.5,3,3,5,4,3
1015,Page-1051,compression cycle piston,4,4.5,4,5.5,4.5,4,5,4,6,5
1016,Page-1052,"immersion frother - immerse a rapidly spinning, heated disc into milk",4.5,4.5,4,4,4.5,5,5,4,4,5
1017,Page-1053,"particle sprayer - past frothers used steam , steam is too hot, preheat to exactly and then spray through a particali",2.5,2.5,3.5,2,3.5,3,3,4,2,4
1018,Page-1054,complex - design - steamed milk,3,3.5,4.5,1,3.5,3,4,5,1,4
1019,Page-1055,steamed milk,2,2,3,1.5,2,2,2,3,2,2
1020,Page-1057,compressed injection frothing,4,4.5,3.5,3,2,4,5,4,3,2
1021,Page-1058,frothing bowl,4,4,4,5,3,4,4,4,5,3
1022,Page-1059,frothing shaker,4,4.5,3.5,2.5,3,4,5,4,3,3
1023,Page-1060,propeller frother,3.5,5,3,3,3.5,4,5,3,3,4
1024,Page-1061,linear frother,3,3.5,4.5,4.5,4.5,3,4,5,5,5
1025,Page-1062,,3,3,3.5,3.5,5,3,3,4,4,5
1026,Page-1063,,3,3.5,4.5,2.5,3,3,4,5,3,3
1027,Page-1064,hot air frothing,3,3.5,2.5,1.5,3,3,4,3,2,3
1028,Page-1065,hot air and spinning,3.25,4,2,1,3.5,3,4,2,1,4
1029,Page-1066,hot air spinning top side,3,4,2.5,2,3,3,4,3,2,3
1030,Page-1067,micro encapsulated bubbles to put in milk in microwave,3,2.5,5,1,4,3,3,5,1,4
1031,Page-1068,heated aeration wand,3,4,2.5,1.5,5,3,4,3,2,5
1032,Page-1069,heated bowl with aeration plate and air pump and heated pla,2.25,2.5,2,1,3,2,3,2,1,3
1033,Page-1070,standard milk frother,2,3.5,1.5,1.5,5,2,4,2,2,5
1034,Page-1071,pump heated milk and compressed air through aeration plate in cup,2.5,3.5,2.5,2,2.5,3,4,3,2,3
1035,Page-1072,milk high pressure pump through aeration plate into cup,2,2.5,2.5,1,3,2,3,3,1,3
1036,Page-1073,"froth ""bullet"" with heater",3.25,4.5,2,1.5,3.5,3,5,2,2,4
1037,Page-1074,pump air through micro holed plate into milk,1.5,3.5,3,1,2,2,4,3,1,2
1038,Page-1075,use plunger to drive warm milk through aeration plate z ways,3.5,2.5,5.5,2,3,4,3,6,2,3
1039,Page-1076,heated plunger aeration plate move up and down,3.5,4,2.5,1.5,3,4,4,3,2,3
1040,Page-1078,"high speed, high power, super aeratiin, frother",3,2.5,4,4.5,3.5,3,3,4,5,4
1041,Page-1079,"high power steam ""aeration"" frother",4,5.5,2.5,4,2.5,4,6,3,4,3
1042,Page-1080,stacked steam milk frother,3.5,3.5,4.5,2.5,3.5,4,4,5,3,4
1043,Page-1081,pressured milk going to a container in a helical rotator,2.5,2.5,4.5,2,2.5,3,3,5,2,3
1044,Page-1082,a rope wrapped around a container that you pull and push,4,3.5,6,4.5,3,4,4,6,5,3
1045,Page-1083,a rotating wheel base holding a container with milk,2,2.5,3,4,4,2,3,3,4,4
1046,Page-1084,hand held device to rotate in hot milk,3,4.5,2,3,4.5,3,5,2,3,5
1047,Page-1085,automatic frother with exact sense stop,2,2,3.5,2,5.5,2,2,4,2,6
1048,Page-1086,heater spining vertical frother,2,2,2.5,1.5,2.5,2,2,3,2,3
1049,Page-1087,power milk frother,4,3,6,2.5,3,4,3,6,3,3
1050,Page-1088,shaken and frothen,4,4,3.5,2.5,3,4,4,4,3,3
1051,Page-1089,air injection,1,1,1,1,3,1,1,1,1,3
1052,Page-1090,use effervescent tablets to generate bubbles and heat,4,3,5,4,5.5,4,3,5,4,6
1053,Page-1091,ultrasonic vibrator with insulated cup to retain heat,3.5,3,4.5,3.5,4,4,3,5,4,4
1054,Page-1092,bicycle milk frother,3,2,5.5,4,3,3,2,6,4,3
1055,Page-1093,treadmill milk frother,3.5,2.5,6,3.5,3,4,3,6,4,3
1056,Page-1095,a froth maker that intakes milk that goes into a moving ccylinder that is heated (iso-160) for a timed period,3.5,4,2.5,3.5,3.5,4,4,3,4,4
1057,Page-1096,an addition to the cup that consistsof milk compartment with whiskers and heated coils,4.5,4.5,3,4,5.5,5,5,3,4,6
1058,Page-1097,powered milk added to hot water and heated (timer),2.5,2,3.5,4.5,5,3,2,4,5,5
1059,Page-1098,"portable frother or ""insta froth""",2.5,3,3,4.5,5.5,3,3,3,5,6
1060,Page-1099,,1,1,1,2,2.5,1,1,1,2,3
1061,Page-1100,"""froth - awsy""",2,1.5,3.5,2,4.5,2,2,4,2,5
1062,Page-1101,"""sink - o - froth"" or ""perma - froth""",2.5,2,4.5,3,4.5,3,2,5,3,5
1063,Page-1102,forced air heated temperature regulating frother,2.5,3,2.5,1.5,3.5,3,3,3,2,4
1064,Page-1103,filtered heated forccced air bubbler,3,2.5,3.5,2.5,3,3,3,4,3,3
1065,Page-1104,reservoir with recirculation pump (y-fitting to air membrane) with self-regulating in-line heater and venturi nozzles,3.5,4,3,2,2.5,4,4,3,2,3
1066,Page-1105,"heated, self-regulating mixer, common power source, temperature feedback from current sensing on heater, auto stop based on known heat transfer",3.5,3.5,3,2,4,4,4,3,2,4
1067,Page-1106,use hair dryer and plastic sleeve tube,4,2.5,6,4,2.5,4,3,6,4,3
1068,Page-1107,"place cup in jewelry cleaner, place electric immersive heater in milk",5,5,6,3.5,4.5,5,5,6,4,5
1069,Page-1108,"pour milk into tube, heat with wireloop, pump through sieve "" camp - o - joe""",3.5,3,5.5,4.5,3,4,3,6,5,3
1070,Page-1109,"add foam against to milk, stiring, pour onto scrape up with blade, apply to coffee",3.5,3,5,3,1.5,4,3,5,3,2
1071,Page-1110,"boil water on stove, tube conveys steam to milk container",4,5,4,2.5,2,4,5,4,3,2
1072,Page-1112,"heating (wrapped with heating blanket, could also be other heating recources) tank dispenser with temperature control system assisted ",2.5,2,4.5,5,3.5,3,2,5,5,4
1073,Page-1113,self-heating tool with self-contained temperature control program,2,2,3,3.5,5,2,2,3,4,5
1074,Page-1114,compression hot air release into milk ocntainer,4,4,3.5,4,3,4,4,4,4,3
1075,Page-1115,pump milk through venturi mix with hot air into cup,3,4,3,2.5,3,3,4,3,3,3
1076,Page-1116,vibration dispenser into cup,3.5,2.5,5.5,2.5,3.5,4,3,6,3,4
1077,Page-1117,electrically heated tube use air and milk heat milk dispenser to cup,2.5,2,3.5,2.5,3,3,2,4,3,3
1078,Page-1118,electrical coil heater based milk blender (to create froth),4.5,5,3.5,5,6,5,5,4,5,6
1079,Page-1119,large capacity 2 stage milk frother,4,4.5,3,3.5,4,4,5,3,4,4
1080,Page-1120,ultra high speed motor to create blended and hot milk froth,3,3.5,2.5,3,3,3,4,3,3,3
1081,Page-1121,rotating flask with electrical coil,3,3,2.5,4.5,4.5,3,3,3,5,5
1082,Page-1122,burner with circculating flask,2.5,2.5,2.5,3,3,3,3,3,3,3
1083,Page-1123,frying pan and stir (electric drive),4,5,2.5,4,3,4,5,3,4,3
1084,Page-1124,combine stir and heating element in one unit,3.5,4,3.5,4,4,4,4,4,4,4
1085,Page-1125,rice cook and air compressor,3,3.5,3.5,3,3,3,4,4,3,3
